ID.yr,ID,year,age,offspring_inde,jul_incubeZY,final_breed,sex
543774-MMY--1988,543774-MMY,1988,2,2,-18,0,F
543774-MMY--1989,543774-MMY,1989,3,2,3,0,F
543774-MMY--1990,543774-MMY,1990,4,0,NA,0,F
543840-ORN--1988,543840-ORN,1988,1,0,12,0,F
553418-gMYC--2008,553418-gMYC,2008,3,3,13,0,F
574511-OYG--1988,574511-OYG,1988,1,0,-8,0,F
574712-YGR--1988,574712-YGR,1988,2,0,19,0,F
574724-YMB--1988,574724-YMB,1988,1,0,50,0,F
574724-YMB--1989,574724-YMB,1989,2,4,11,0,F
574748-NGB--1988,574748-NGB,1988,1,2,NA,0,F
574751-NON--1988,574751-NON,1988,1,0,-3,0,F
574751-NON--1989,574751-NON,1989,2,3,NA,0,F
574751-NON--1990,574751-NON,1990,3,5,0,0,F
574761-MRG--1988,574761-MRG,1988,1,2,-5,0,F
574761-MRG--1989,574761-MRG,1989,2,1,-2,0,F
583809-mGMW--1990,583809-mGMW,1990,1,3,-4,0,F
583809-mGMW--1991,583809-mGMW,1991,2,3,-3,0,F
583809-mGMW--1992,583809-mGMW,1992,3,7,-1,0,F
583809-mGMW--1993,583809-mGMW,1993,4,0,-3,0,F
583809-mGMW--1994,583809-mGMW,1994,5,0,-5,0,F
583809-mGMW--1995,583809-mGMW,1995,6,2,-2,0,F
583809-mGMW--1996,583809-mGMW,1996,7,4,10,0,F
596662-GYN--1989,596662-GYN,1989,1,0,NA,0,F
596662-GYN--1990,596662-GYN,1990,2,3,NA,1,F
596713-YgwB--1989,596713-YgwB,1989,1,3,28,0,F
596751-BWM--1990,596751-BWM,1990,2,2,NA,0,F
596751-BWM--1991,596751-BWM,1991,3,3,7,0,F
596751-BWM--1992,596751-BWM,1992,4,7,1,0,F
596751-BWM--1993,596751-BWM,1993,5,0,13,0,F
596751-BWM--1994,596751-BWM,1994,6,0,22,0,F
596751-BWM--1995,596751-BWM,1995,7,3,9,0,F
596791-GWY--1989,596791-GWY,1989,1,0,NA,0,F
596801-GWR--1989,596801-GWR,1989,1,0,NA,0,F
596801-GWR--1991,596801-GWR,1991,3,2,0,0,F
596801-GWR--1992,596801-GWR,1992,4,3,NA,0,F
596801-GWR--1993,596801-GWR,1993,5,0,-1,0,F
596814-MNO--1992,596814-MNO,1992,4,3,NA,0,F
598298-WAM--2011,598298-WAM,2011,1,2,NA,0,F
598298-WAM--2012,598298-WAM,2012,2,3,NA,0,F
626625-YrwN--1992,626625-YrwN,1992,3,3,-19,0,F
626685-WWR--1990,626685-WWR,1990,1,2,6,0,F
626685-WWR--1991,626685-WWR,1991,2,1,2,0,F
626685-WWR--1992,626685-WWR,1992,3,0,-2,0,F
626691-GBW--1989,626691-GBW,1989,1,4,NA,0,F
626691-GBW--1990,626691-GBW,1990,2,0,NA,0,F
626691-GBW--1991,626691-GBW,1991,3,0,NA,0,F
626691-GBW--1992,626691-GBW,1992,4,0,2,0,F
626691-GBW--1993,626691-GBW,1993,5,0,-2,0,F
626691-GBW--1994,626691-GBW,1994,6,0,NA,0,F
626691-GBW--1995,626691-GBW,1995,7,1,NA,0,F
626709-NBR--1990,626709-NBR,1990,1,3,-6,0,F
626712-OWO--1990,626712-OWO,1990,1,0,9,0,F
626712-OWO--1991,626712-OWO,1991,2,1,20,0,F
626712-OWO--1992,626712-OWO,1992,3,0,-3,0,F
626712-OWO--1993,626712-OWO,1993,4,3,NA,0,F
626716-WBR--1990,626716-WBR,1990,1,0,NA,0,F
626716-WBR--1991,626716-WBR,1991,2,3,21,0,F
626716-WBR--1992,626716-WBR,1992,3,0,14,0,F
626716-WBR--1993,626716-WBR,1993,4,1,NA,0,F
626721-NGG--1990,626721-NGG,1990,1,0,-2,0,F
626721-NGG--1991,626721-NGG,1991,2,2,6,0,F
626734-YYN--1990,626734-YYN,1990,1,1,6,0,F
626734-YYN--1991,626734-YYN,1991,2,3,-2,0,F
626734-YYN--1992,626734-YYN,1992,3,4,-5,0,F
626734-YYN--1993,626734-YYN,1993,4,5,0,0,F
626734-YYN--1994,626734-YYN,1994,5,2,-7,0,F
626736-WRB--1992,626736-WRB,1992,3,0,1,0,F
626741-GYO--1990,626741-GYO,1990,1,2,-28,0,F
626741-GYO--1991,626741-GYO,1991,2,1,-24,0,F
626746-BNN--1992,626746-BNN,1992,3,2,19,0,F
626746-BNN--1993,626746-BNN,1993,4,3,-9,0,F
626746-BNN--1994,626746-BNN,1994,5,2,6,0,F
626748-NRO--1990,626748-NRO,1990,1,0,-1,0,F
626748-NRO--1991,626748-NRO,1991,2,2,0,0,F
626845-YobY--1991,626845-YobY,1991,1,0,16,0,F
626845-YobY--1992,626845-YobY,1992,2,3,-3,0,F
626845-YobY--1993,626845-YobY,1993,3,2,-7,0,F
626845-YobY--1994,626845-YobY,1994,4,0,NA,0,F
626845-YobY--1995,626845-YobY,1995,5,0,2,0,F
626845-YobY--1996,626845-YobY,1996,6,3,0,0,F
626845-YobY--1997,626845-YobY,1997,7,3,14,0,F
626895-NGY--1991,626895-NGY,1991,1,2,13,0,F
626895-NGY--1992,626895-NGY,1992,2,8,0,0,F
626901-NNY--1991,626901-NNY,1991,1,0,NA,0,F
626902-WBG--1990,626902-WBG,1990,1,0,NA,0,F
626904-WGN--1991,626904-WGN,1991,1,1,11,0,F
626904-WGN--1992,626904-WGN,1992,2,4,-1,0,F
626904-WGN--1993,626904-WGN,1993,3,4,5,0,F
626905-NWW--1991,626905-NWW,1991,1,1,10,0,F
626905-NWW--1992,626905-NWW,1992,2,0,-3,0,F
626905-NWW--1993,626905-NWW,1993,3,2,-5,0,F
626905-NWW--1994,626905-NWW,1994,4,1,NA,0,F
626905-NWW--1995,626905-NWW,1995,5,1,NA,0,F
626905-NWW--1996,626905-NWW,1996,6,3,2,0,F
626905-NWW--1997,626905-NWW,1997,7,0,NA,0,F
626908-WMY--1990,626908-WMY,1990,1,0,NA,0,F
626908-WMY--1991,626908-WMY,1991,2,2,0,0,F
626908-WMY--1992,626908-WMY,1992,3,2,0,0,F
626910-WRN--1991,626910-WRN,1991,1,0,NA,0,F
626910-WRN--1992,626910-WRN,1992,2,4,2,0,F
626910-WRN--1993,626910-WRN,1993,3,4,2,0,F
626916-YWN--1991,626916-YWN,1991,1,3,NA,0,F
626917-NGW--1991,626917-NGW,1991,1,4,NA,0,F
626917-NGW--1992,626917-NGW,1992,2,2,NA,0,F
626917-NGW--1993,626917-NGW,1993,3,2,-2,0,F
626917-NGW--1994,626917-NGW,1994,4,2,NA,0,F
653417-gAnrW--2003,653417-gAnrW,2003,1,3,19,0,F
653417-gAnrW--2004,653417-gAnrW,2004,2,4,14,0,F
653417-gAnrW--2005,653417-gAnrW,2005,3,6,NA,0,F
653417-gAnrW--2006,653417-gAnrW,2006,4,2,22,0,F
653417-gAnrW--2007,653417-gAnrW,2007,5,2,NA,0,F
653417-gAnrW--2008,653417-gAnrW,2008,6,0,NA,0,F
696365-nyNN--1992,696365-nyNN,1992,1,3,50,0,F
696376-wgMA--1992,696376-wgMA,1992,1,1,NA,0,F
696387-brOG--1992,696387-brOG,1992,1,0,NA,0,F
696387-brOG--1993,696387-brOG,1993,2,8,4,0,F
696387-brOG--1994,696387-brOG,1994,3,2,NA,0,F
696387-brOG--1995,696387-brOG,1995,4,4,-7,0,F
696387-brOG--1996,696387-brOG,1996,5,3,5,0,F
696440-nyRN--1992,696440-nyRN,1992,1,4,3,0,F
696440-nyRN--1993,696440-nyRN,1993,2,1,3,0,F
696440-nyRN--1994,696440-nyRN,1994,3,1,NA,0,F
696445-wrRG--1992,696445-wrRG,1992,1,2,NA,0,F
696445-wrRG--1993,696445-wrRG,1993,2,3,8,0,F
696445-wrRG--1994,696445-wrRG,1994,3,5,6,0,F
696445-wrRG--1995,696445-wrRG,1995,4,6,NA,0,F
696453-brRG--1992,696453-brRG,1992,1,3,43,0,F
696453-brRG--1993,696453-brRG,1993,2,5,-5,0,F
696463-wgOB--1992,696463-wgOB,1992,1,0,16,0,F
696463-wgOB--1993,696463-wgOB,1993,2,3,2,0,F
696463-wgOB--1994,696463-wgOB,1994,3,0,-7,0,F
696463-wgOB--1995,696463-wgOB,1995,4,1,NA,0,F
696465-ARY--1991,696465-ARY,1991,1,4,NA,0,F
696468-brWG--1992,696468-brWG,1992,1,3,17,0,F
696468-brWG--1993,696468-brWG,1993,2,5,NA,1,F
696470-AYB--1992,696470-AYB,1992,1,4,14,0,F
696470-AYB--1993,696470-AYB,1993,2,0,6,0,F
696483-AYM--1992,696483-AYM,1992,2,3,6,0,F
696483-AYM--1993,696483-AYM,1993,3,3,NA,0,F
696483-AYM--1994,696483-AYM,1994,4,0,2,0,F
696495-wgNN--1992,696495-wgNN,1992,1,2,40,0,F
696495-wgNN--1993,696495-wgNN,1993,2,2,4,0,F
696495-wgNN--1994,696495-wgNN,1994,3,4,-6,0,F
696495-wgNN--1995,696495-wgNN,1995,4,2,NA,0,F
696495-wgNN--1996,696495-wgNN,1996,5,3,-4,0,F
696495-wgNN--1997,696495-wgNN,1997,6,0,-12,0,F
696495-wgNN--1998,696495-wgNN,1998,7,3,-6,0,F
696495-wgNN--1999,696495-wgNN,1999,8,3,7,0,F
696495-wgNN--2000,696495-wgNN,2000,9,1,NA,0,F
696496-wgNO--1992,696496-wgNO,1992,1,4,35,0,F
696496-wgNO--1993,696496-wgNO,1993,2,5,NA,0,F
696496-wgNO--1994,696496-wgNO,1994,3,1,27,0,F
696499-AOM--1992,696499-AOM,1992,1,2,23,0,F
696499-AOM--1993,696499-AOM,1993,2,2,NA,0,F
696499-AOM--1994,696499-AOM,1994,3,5,-6,0,F
696500-AGB--1992,696500-AGB,1992,1,3,-3,0,F
696500-AGB--1993,696500-AGB,1993,2,4,-2,0,F
696500-AGB--1994,696500-AGB,1994,3,3,-7,0,F
696516-BAM--1992,696516-BAM,1992,1,3,NA,0,F
696519-brWW--1992,696519-brWW,1992,1,0,NA,0,F
696519-brWW--1993,696519-brWW,1993,2,0,-4,0,F
696520-OBA--1992,696520-OBA,1992,1,0,NA,0,F
696520-OBA--1993,696520-OBA,1993,2,1,2,0,F
696532-WWO--1992,696532-WWO,1992,1,3,13,0,F
696558-NRA--1992,696558-NRA,1992,1,3,2,0,F
696558-NRA--1993,696558-NRA,1993,2,4,-2,0,F
696562-RWY--1992,696562-RWY,1992,1,0,25,0,F
696563-WWN--1992,696563-WWN,1992,1,0,30,0,F
696563-WWN--1993,696563-WWN,1993,2,0,1,0,F
696563-WWN--1994,696563-WWN,1994,3,2,NA,0,F
696566-BYG--1992,696566-BYG,1992,1,0,35,0,F
696566-BYG--1993,696566-BYG,1993,2,2,-3,1,F
696580-OOO--1992,696580-OOO,1992,1,0,NA,0,F
696580-OOO--1993,696580-OOO,1993,2,2,6,0,F
696601-brYY--1993,696601-brYY,1993,1,2,NA,0,F
696651-grBY--1993,696651-grBY,1993,1,1,NA,0,F
696651-grBY--1994,696651-grBY,1994,2,2,3,0,F
696678-NOY--1992,696678-NOY,1992,1,3,1,0,F
696678-NOY--1993,696678-NOY,1993,2,1,0,0,F
696687-OMM--1992,696687-OMM,1992,1,0,27,0,F
696692-ynYY--1993,696692-ynYY,1993,1,1,NA,0,F
725028-rwWR--1993,725028-rwWR,1993,1,1,NA,0,F
725028-rwWR--1994,725028-rwWR,1994,2,1,3,0,F
725028-rwWR--1995,725028-rwWR,1995,3,4,-10,0,F
725028-rwWR--1996,725028-rwWR,1996,4,1,-4,0,F
725036-MOO--1992,725036-MOO,1992,1,2,NA,0,F
725036-MOO--1993,725036-MOO,1993,2,7,-14,0,F
725058-AWB--1993,725058-AWB,1993,1,2,14,0,F
725075-ynOM--1993,725075-ynOM,1993,1,0,28,0,F
725076-ynNY--1993,725076-ynNY,1993,1,1,43,0,F
725157-ARR--1993,725157-ARR,1993,1,0,NA,0,F
725157-ARR--1994,725157-ARR,1994,2,0,-14,0,F
725171-GOW--1993,725171-GOW,1993,1,2,16,0,F
725171-GOW--1994,725171-GOW,1994,2,3,8,0,F
725176-OBR--1993,725176-OBR,1993,1,0,NA,0,F
725176-OBR--1994,725176-OBR,1994,2,3,NA,0,F
725176-OBR--1995,725176-OBR,1995,3,3,-3,0,F
725185-BRB--1993,725185-BRB,1993,1,0,66,0,F
725197-GOY--1993,725197-GOY,1993,1,0,NA,0,F
725197-GOY--1994,725197-GOY,1994,2,2,NA,0,F
725197-GOY--1995,725197-GOY,1995,3,6,NA,0,F
725197-GOY--1996,725197-GOY,1996,4,4,0,0,F
725198-BGO--1993,725198-BGO,1993,1,3,19,0,F
725205-ROY--1993,725205-ROY,1993,1,3,NA,0,F
725205-ROY--1994,725205-ROY,1994,2,3,NA,0,F
725205-ROY--1995,725205-ROY,1995,3,4,0,0,F
725205-ROY--1996,725205-ROY,1996,4,0,NA,0,F
725207-YNO--1993,725207-YNO,1993,1,3,25,0,F
725207-YNO--1994,725207-YNO,1994,2,3,NA,0,F
725215-BRA--1993,725215-BRA,1993,1,2,35,0,F
725215-BRA--1994,725215-BRA,1994,2,3,32,0,F
725215-BRA--1995,725215-BRA,1995,3,2,-5,0,F
725215-BRA--1996,725215-BRA,1996,4,3,NA,0,F
725215-BRA--1997,725215-BRA,1997,5,0,-8,0,F
725217-MYW--1993,725217-MYW,1993,1,0,39,0,F
725217-MYW--1994,725217-MYW,1994,2,3,0,0,F
725229-WYN--1993,725229-WYN,1993,1,0,27,0,F
725252-GYR--1993,725252-GYR,1993,1,3,NA,0,F
725253-MWR--1993,725253-MWR,1993,1,0,NA,0,F
725280-BOR--1993,725280-BOR,1993,1,0,19,0,F
725280-BOR--1994,725280-BOR,1994,2,3,-4,0,F
725280-BOR--1995,725280-BOR,1995,3,4,-16,0,F
725295-RYM--1993,725295-RYM,1993,1,2,51,0,F
725333-GOB--1993,725333-GOB,1993,1,0,NA,0,F
725333-GOB--1994,725333-GOB,1994,2,2,-6,0,F
725371-YBN--1993,725371-YBN,1993,1,0,53,0,F
725379-BOY--1994,725379-BOY,1994,2,3,10,0,F
725379-BOY--1995,725379-BOY,1995,3,2,5,0,F
725379-BOY--1996,725379-BOY,1996,4,3,-20,0,F
725391-AwbN--1994,725391-AwbN,1994,1,2,25,0,F
725391-AwbN--1995,725391-AwbN,1995,2,4,4,0,F
725391-AwbN--1996,725391-AwbN,1996,3,4,3,0,F
725391-AwbN--1997,725391-AwbN,1997,4,2,11,0,F
725391-AwbN--1998,725391-AwbN,1998,5,0,23,0,F
725416-GrnO--1994,725416-GrnO,1994,1,3,32,0,F
725416-GrnO--1995,725416-GrnO,1995,2,2,11,0,F
725416-GrnO--1996,725416-GrnO,1996,3,1,NA,0,F
725416-GrnO--1997,725416-GrnO,1997,4,1,0,0,F
725452-GwgN--1994,725452-GwgN,1994,1,0,NA,0,F
725452-GwgN--1995,725452-GwgN,1995,2,3,-1,0,F
725452-GwgN--1996,725452-GwgN,1996,3,0,NA,0,F
725452-GwgN--1997,725452-GwgN,1997,4,3,-17,0,F
725464-ArgM--1994,725464-ArgM,1994,1,0,29,0,F
725488-BYB--1993,725488-BYB,1993,1,3,41,0,F
725501-MrnR--1995,725501-MrnR,1995,2,0,NA,0,F
725508-OynA--1994,725508-OynA,1994,1,0,40,0,F
725509-NynO--1994,725509-NynO,1994,1,0,31,0,F
725509-NynO--1995,725509-NynO,1995,2,2,-18,0,F
725509-NynO--1996,725509-NynO,1996,3,0,NA,0,F
725521-OynM--1994,725521-OynM,1994,1,0,29,0,F
725545-NynY--1994,725545-NynY,1994,1,0,21,0,F
725545-NynY--1995,725545-NynY,1995,2,5,NA,0,F
725545-NynY--1996,725545-NynY,1996,3,3,-2,0,F
725545-NynY--1997,725545-NynY,1997,4,3,-8,0,F
725573-RBM--1995,725573-RBM,1995,2,4,NA,0,F
725574-MOB--1994,725574-MOB,1994,1,0,40,0,F
725578-RYB--1994,725578-RYB,1994,1,0,18,0,F
725579-YGG--1994,725579-YGG,1994,1,3,NA,0,F
725579-YGG--1995,725579-YGG,1995,2,4,7,0,F
725579-YGG--1996,725579-YGG,1996,3,0,7,0,F
725580-BOO--1994,725580-BOO,1994,1,1,NA,0,F
725581-YAY--1994,725581-YAY,1994,1,0,11,0,F
725582-GAG--1994,725582-GAG,1994,1,1,16,0,F
725582-GAG--1995,725582-GAG,1995,2,4,-4,0,F
725582-GAG--1996,725582-GAG,1996,3,1,NA,0,F
725582-GAG--1997,725582-GAG,1997,4,0,NA,0,F
725587-ROG--1994,725587-ROG,1994,1,0,18,0,F
725587-ROG--1995,725587-ROG,1995,2,0,NA,0,F
725587-ROG--1996,725587-ROG,1996,3,0,NA,0,F
725589-BOA--1994,725589-BOA,1994,1,3,NA,0,F
725589-BOA--1995,725589-BOA,1995,2,5,-13,0,F
725589-BOA--1996,725589-BOA,1996,3,3,-13,0,F
725590-ANO--1994,725590-ANO,1994,1,3,12,0,F
725594-NBY--1994,725594-NBY,1994,1,1,NA,0,F
725594-NBY--1995,725594-NBY,1995,2,3,12,0,F
725594-NBY--1996,725594-NBY,1996,3,2,13,0,F
725595-WAN--1994,725595-WAN,1994,1,0,NA,0,F
725597-RBR--1994,725597-RBR,1994,1,0,NA,0,F
725597-RBR--1995,725597-RBR,1995,2,2,8,0,F
725619-BanG--1995,725619-BanG,1995,1,1,16,0,F
725619-BanG--1996,725619-BanG,1996,2,2,-16,0,F
725622-GraW--1995,725622-GraW,1995,1,0,NA,0,F
725622-GraW--1996,725622-GraW,1996,2,4,32,0,F
725622-GraW--1997,725622-GraW,1997,3,2,23,0,F
725622-GraW--1998,725622-GraW,1998,4,2,18,0,F
725622-GraW--1999,725622-GraW,1999,5,0,NA,0,F
725658-RnrB--1995,725658-RnrB,1995,1,3,11,0,F
725658-RnrB--1996,725658-RnrB,1996,2,1,-19,0,F
725669-RgrW--1995,725669-RgrW,1995,1,3,NA,0,F
725669-RgrW--1996,725669-RgrW,1996,2,0,-16,0,F
725669-RgrW--1997,725669-RgrW,1997,3,0,-26,0,F
725697-OanG--1995,725697-OanG,1995,1,2,NA,0,F
725697-OanG--1996,725697-OanG,1996,2,2,1,0,F
725697-OanG--1997,725697-OanG,1997,3,2,8,0,F
725697-OanG--1998,725697-OanG,1998,4,0,-14,0,F
725721-WraR--1995,725721-WraR,1995,1,0,21,0,F
725727-AyrA--1995,725727-AyrA,1995,1,3,45,0,F
725727-AyrA--1996,725727-AyrA,1996,2,0,-3,0,F
725727-AyrA--1997,725727-AyrA,1997,3,0,-11,0,F
725733-NgrY--1995,725733-NgrY,1995,1,3,25,0,F
725733-NgrY--1996,725733-NgrY,1996,2,3,5,0,F
725796-WOG--1995,725796-WOG,1995,1,2,24,0,F
725796-WOG--1996,725796-WOG,1996,2,2,7,0,F
725797-OOB--1995,725797-OOB,1995,1,0,62,0,F
725797-OOB--1996,725797-OOB,1996,2,2,8,0,F
725799-WBA--1995,725799-WBA,1995,1,2,NA,0,F
725801-MGY--1995,725801-MGY,1995,1,2,NA,0,F
725801-MGY--1996,725801-MGY,1996,2,2,-4,0,F
725801-MGY--1997,725801-MGY,1997,3,1,-2,1,F
725806-NYY--1995,725806-NYY,1995,1,4,18,0,F
725813-MOW--1995,725813-MOW,1995,1,1,24,0,F
725813-MOW--1996,725813-MOW,1996,2,0,NA,0,F
725844-YOB--1995,725844-YOB,1995,1,3,33,0,F
725853-YMG--1995,725853-YMG,1995,1,0,NA,0,F
725853-YMG--1996,725853-YMG,1996,2,3,0,0,F
776013-_yryr--2000,776013-_yryr,2000,1,0,54,0,F
776126-yrNR--1996,776126-yrNR,1996,1,0,NA,0,F
776128-GBY--1995,776128-GBY,1995,1,1,28,0,F
776198-yrBM--1996,776198-yrBM,1996,1,0,NA,0,F
776233-RBY--1996,776233-RBY,1996,1,1,-11,0,F
776233-RBY--1997,776233-RBY,1997,2,1,-14,0,F
776233-RBY--1998,776233-RBY,1998,3,1,-4,0,F
776233-RBY--1999,776233-RBY,1999,4,0,1,0,F
776233-RBY--2000,776233-RBY,2000,5,2,-3,0,F
776233-RBY--2001,776233-RBY,2001,6,1,-16,0,F
776243-byYR--1996,776243-byYR,1996,1,3,35,0,F
776243-byYR--1997,776243-byYR,1997,2,0,-5,0,F
776243-byYR--1998,776243-byYR,1998,3,2,NA,0,F
776243-byYR--1999,776243-byYR,1999,4,6,NA,0,F
776244-byAO--1996,776244-byAO,1996,1,3,16,0,F
776244-byAO--1997,776244-byAO,1997,2,0,-3,0,F
776244-byAO--1998,776244-byAO,1998,3,5,0,0,F
776256-NRG--1996,776256-NRG,1996,1,0,NA,0,F
776256-NRG--1997,776256-NRG,1997,2,2,-7,0,F
776256-NRG--1998,776256-NRG,1998,3,0,-27,0,F
776256-NRG--1999,776256-NRG,1999,4,3,-19,0,F
776256-NRG--2000,776256-NRG,2000,5,2,-11,0,F
776256-NRG--2001,776256-NRG,2001,6,2,-22,0,F
776256-NRG--2002,776256-NRG,2002,7,1,-13,0,F
776258-yrNA--1996,776258-yrNA,1996,1,0,16,0,F
776258-yrNA--1997,776258-yrNA,1997,2,4,7,0,F
776263-OMY--1996,776263-OMY,1996,1,0,NA,0,F
776263-OMY--1997,776263-OMY,1997,2,3,7,0,F
776265-NAM--1996,776265-NAM,1996,1,3,33,0,F
776267-OGO--1996,776267-OGO,1996,1,4,-7,0,F
776301-arOB--1996,776301-arOB,1996,1,0,13,0,F
776318-byNW--1996,776318-byNW,1996,1,0,29,0,F
776318-byNW--1997,776318-byNW,1997,2,5,1,0,F
776318-byNW--1998,776318-byNW,1998,3,2,2,0,F
776318-byNW--1999,776318-byNW,1999,4,3,NA,0,F
776318-byNW--2000,776318-byNW,2000,5,4,9,0,F
776320-MOA--1996,776320-MOA,1996,1,0,3,0,F
776345-BWO--1996,776345-BWO,1996,1,2,NA,0,F
776360-rnOA--1996,776360-rnOA,1996,1,0,56,0,F
776360-rnOA--1997,776360-rnOA,1997,2,2,-16,0,F
776360-rnOA--1998,776360-rnOA,1998,3,5,NA,0,F
776360-rnOA--1999,776360-rnOA,1999,4,3,NA,0,F
776360-rnOA--2000,776360-rnOA,2000,5,4,1,0,F
776360-rnOA--2001,776360-rnOA,2001,6,0,-6,1,F
776379-RMB--1996,776379-RMB,1996,1,3,27,0,F
776379-RMB--1997,776379-RMB,1997,2,3,10,0,F
776379-RMB--1998,776379-RMB,1998,3,4,5,0,F
776380-NBB--1996,776380-NBB,1996,1,0,32,0,F
776380-NBB--1997,776380-NBB,1997,2,1,-7,0,F
776380-NBB--1998,776380-NBB,1998,3,3,NA,0,F
776380-NBB--1999,776380-NBB,1999,4,4,-14,0,F
776380-NBB--2000,776380-NBB,2000,5,2,0,0,F
776383-BNR--1996,776383-BNR,1996,1,0,9,0,F
776383-BNR--1997,776383-BNR,1997,2,0,0,0,F
776383-BNR--1998,776383-BNR,1998,3,1,-2,0,F
776383-BNR--1999,776383-BNR,1999,4,0,NA,0,F
776384-OGB--1996,776384-OGB,1996,1,1,8,0,F
776384-OGB--1997,776384-OGB,1997,2,3,1,0,F
776384-OGB--1998,776384-OGB,1998,3,0,NA,0,F
776385-YBM--1997,776385-YBM,1997,2,2,6,0,F
776386-NMA--1996,776386-NMA,1996,1,2,46,0,F
776387-GWB--1996,776387-GWB,1996,1,2,NA,0,F
776387-GWB--1997,776387-GWB,1997,2,0,39,0,F
776388-YGN--1996,776388-YGN,1996,1,0,23,0,F
776391-MGN2--1995,776391-MGN2,1995,1,4,NA,0,F
776402-OMG--1996,776402-OMG,1996,1,4,-2,0,F
776403-BGG--1996,776403-BGG,1996,1,2,12,0,F
776407-OBM--1996,776407-OBM,1996,1,0,34,0,F
776409-WGG--1996,776409-WGG,1996,1,0,6,0,F
776409-WGG--1997,776409-WGG,1997,2,3,6,0,F
776409-WGG--1998,776409-WGG,1998,3,3,NA,0,F
776409-WGG--1999,776409-WGG,1999,4,0,NA,0,F
776409-WGG--2000,776409-WGG,2000,5,0,NA,0,F
776412-ONM--1996,776412-ONM,1996,1,3,17,0,F
776412-ONM--1997,776412-ONM,1997,2,1,NA,0,F
776412-ONM--1998,776412-ONM,1998,3,1,4,0,F
776412-ONM--1999,776412-ONM,1999,4,3,-1,0,F
776412-ONM--2000,776412-ONM,2000,5,1,3,0,F
776412-ONM--2001,776412-ONM,2001,6,1,-5,0,F
776413-YBB--1996,776413-YBB,1996,1,0,NA,0,F
776415-MWO--1996,776415-MWO,1996,1,0,NA,0,F
776419-RMM--1996,776419-RMM,1996,1,3,22,0,F
776420-YGY--1996,776420-YGY,1996,1,3,NA,0,F
776423-NMR--1996,776423-NMR,1996,1,4,NA,0,F
776424-OOY--1996,776424-OOY,1996,1,0,NA,1,F
776434-WOW--1996,776434-WOW,1996,1,2,37,0,F
776442-raYN--1997,776442-raYN,1997,1,1,10,0,F
776446-GMG--1996,776446-GMG,1996,1,0,NA,0,F
776446-GMG--1997,776446-GMG,1997,2,3,13,0,F
776446-GMG--1998,776446-GMG,1998,3,0,5,0,F
776446-GMG--1999,776446-GMG,1999,4,0,12,0,F
776446-GMG--2000,776446-GMG,2000,5,3,0,0,F
776446-GMG--2001,776446-GMG,2001,6,3,15,0,F
776446-GMG--2002,776446-GMG,2002,7,2,0,0,F
776450-nrBG--1997,776450-nrBG,1997,1,0,NA,0,F
776451-nrMW--1997,776451-nrMW,1997,1,1,14,0,F
776451-nrMW--1998,776451-nrMW,1998,2,2,1,0,F
776451-nrMW--1999,776451-nrMW,1999,3,0,NA,0,F
776451-nrMW--2000,776451-nrMW,2000,4,0,NA,0,F
776451-nrMW--2001,776451-nrMW,2001,5,6,-25,0,F
776472-OMO--1996,776472-OMO,1996,1,2,47,0,F
776472-OMO--1997,776472-OMO,1997,2,3,11,0,F
776472-OMO--1998,776472-OMO,1998,3,5,2,0,F
776472-OMO--1999,776472-OMO,1999,4,1,NA,0,F
776472-OMO--2000,776472-OMO,2000,5,3,23,0,F
776472-OMO--2001,776472-OMO,2001,6,2,NA,0,F
776485-anAM--1997,776485-anAM,1997,1,3,4,0,F
776527-anAW--1998,776527-anAW,1998,2,2,NA,0,F
776532-nwYN--1997,776532-nwYN,1997,1,3,15,0,F
776532-nwYN--1998,776532-nwYN,1998,2,2,NA,0,F
776532-nwYN--1999,776532-nwYN,1999,3,0,NA,0,F
776553-ryAM--1998,776553-ryAM,1998,2,1,12,0,F
776553-ryAM--1999,776553-ryAM,1999,3,2,NA,0,F
776554-ryBR--1997,776554-ryBR,1997,1,3,26,0,F
776554-ryBR--1998,776554-ryBR,1998,2,3,NA,0,F
776621-ryYN--1997,776621-ryYN,1997,1,0,NA,0,F
776682-nwGM--1998,776682-nwGM,1998,2,0,-4,0,F
776722-nrNW--1997,776722-nrNW,1997,1,2,16,0,F
776746-AYN2--1997,776746-AYN2,1997,1,0,19,0,F
776746-AYN2--1998,776746-AYN2,1998,2,0,3,0,F
776747-ARW--1997,776747-ARW,1997,1,1,33,0,F
776748-YBR--1997,776748-YBR,1997,1,2,19,0,F
776750-MYG--1997,776750-MYG,1997,1,1,NA,0,F
776750-MYG--1998,776750-MYG,1998,2,3,-14,0,F
776750-MYG--1999,776750-MYG,1999,3,2,NA,0,F
776750-MYG--2000,776750-MYG,2000,4,3,-7,0,F
776751-WWG--1997,776751-WWG,1997,1,2,NA,0,F
776752-MMB--1997,776752-MMB,1997,1,0,-5,0,F
776752-MMB--1998,776752-MMB,1998,2,4,-7,0,F
776753-NBO--1997,776753-NBO,1997,1,3,11,0,F
776754-GGM--1998,776754-GGM,1998,2,0,NA,0,F
776754-GGM--1999,776754-GGM,1999,3,0,3,0,F
776757-GGY--1997,776757-GGY,1997,1,1,12,0,F
776757-GGY--1998,776757-GGY,1998,2,0,-4,0,F
776762-OYM--1997,776762-OYM,1997,1,1,6,0,F
776763-ROO--1997,776763-ROO,1997,1,1,NA,0,F
776763-ROO--1998,776763-ROO,1998,2,2,27,0,F
776764-ORM--1997,776764-ORM,1997,1,3,18,0,F
776764-ORM--1998,776764-ORM,1998,2,0,NA,0,F
776764-ORM--1999,776764-ORM,1999,3,4,17,0,F
776764-ORM--2000,776764-ORM,2000,4,3,16,0,F
776764-ORM--2001,776764-ORM,2001,5,1,21,0,F
776764-ORM--2002,776764-ORM,2002,6,0,NA,0,F
776764-ORM--2003,776764-ORM,2003,7,2,NA,0,F
776764-ORM--2004,776764-ORM,2004,8,2,18,0,F
776765-AYA--1997,776765-AYA,1997,1,3,21,0,F
776767-BMB--1997,776767-BMB,1997,1,1,8,0,F
776767-BMB--1998,776767-BMB,1998,2,5,-13,0,F
776767-BMB--1999,776767-BMB,1999,3,2,NA,0,F
776767-BMB--2000,776767-BMB,2000,4,1,NA,0,F
776769-BBR--1997,776769-BBR,1997,1,0,8,0,F
776769-BBR--1998,776769-BBR,1998,2,4,0,0,F
776784-MWW--1997,776784-MWW,1997,1,2,15,0,F
776784-MWW--1998,776784-MWW,1998,2,1,4,0,F
776784-MWW--1999,776784-MWW,1999,3,4,-9,0,F
803902-OYY--1997,803902-OYY,1997,1,2,9,0,F
803902-OYY--1998,803902-OYY,1998,2,3,NA,0,F
803903-YYG--1997,803903-YYG,1997,1,2,0,0,F
803909-BAB--1997,803909-BAB,1997,1,2,34,0,F
803909-BAB--1998,803909-BAB,1998,2,3,14,0,F
803909-BAB--1999,803909-BAB,1999,3,2,9,0,F
803909-BAB--2000,803909-BAB,2000,4,2,13,0,F
803910-RGW--1997,803910-RGW,1997,1,2,7,0,F
803962-OWW--1997,803962-OWW,1997,1,1,NA,0,F
803968-MobM--1998,803968-MobM,1998,1,0,NA,0,F
803968-MobM--1999,803968-MobM,1999,2,5,-16,0,F
804076-YbrY--1998,804076-YbrY,1998,1,2,13,0,F
804076-YbrY--1999,804076-YbrY,1999,2,0,3,0,F
804076-YbrY--2000,804076-YbrY,2000,3,5,7,0,F
804076-YbrY--2001,804076-YbrY,2001,4,3,15,0,F
804078-GbrO--1998,804078-GbrO,1998,1,2,7,0,F
804102-YwrB--1998,804102-YwrB,1998,1,1,9,0,F
804102-YwrB--1999,804102-YwrB,1999,2,2,-5,0,F
804102-YwrB--2000,804102-YwrB,2000,3,0,-25,0,F
804113-RnwR--1998,804113-RnwR,1998,1,2,9,0,F
804113-RnwR--1999,804113-RnwR,1999,2,4,-2,0,F
804131-OobW--1998,804131-OobW,1998,1,2,NA,0,F
804131-OobW--1999,804131-OobW,1999,2,0,16,0,F
804131-OobW--2000,804131-OobW,2000,3,0,NA,0,F
804131-OobW--2001,804131-OobW,2001,4,0,15,0,F
804131-OobW--2002,804131-OobW,2002,5,1,8,0,F
804146-RbyO--1998,804146-RbyO,1998,1,1,28,0,F
804146-RbyO--1999,804146-RbyO,1999,2,4,-10,0,F
804146-RbyO--2000,804146-RbyO,2000,3,3,-14,0,F
804146-RbyO--2001,804146-RbyO,2001,4,2,-13,0,F
804146-RbyO--2002,804146-RbyO,2002,5,4,-11,0,F
804160-GwrW--1998,804160-GwrW,1998,1,0,20,0,F
804160-GwrW--1999,804160-GwrW,1999,2,0,NA,0,F
804160-GwrW--2000,804160-GwrW,2000,3,0,49,0,F
804160-GwrW--2001,804160-GwrW,2001,4,3,NA,0,F
804160-GwrW--2002,804160-GwrW,2002,5,2,17,0,F
804170-GbyN--1998,804170-GbyN,1998,1,0,NA,0,F
804185-MobY--1998,804185-MobY,1998,1,0,NA,0,F
804212-WWW--1998,804212-WWW,1998,1,4,3,0,F
804212-WWW--1999,804212-WWW,1999,2,0,NA,0,F
804212-WWW--2000,804212-WWW,2000,3,3,-9,0,F
804214-RNW--1998,804214-RNW,1998,1,0,10,0,F
804217-WNM--1998,804217-WNM,1998,1,1,9,0,F
804217-WNM--1999,804217-WNM,1999,2,5,-4,0,F
804217-WNM--2000,804217-WNM,2000,3,3,-7,0,F
804217-WNM--2001,804217-WNM,2001,4,0,NA,0,F
804217-WNM--2002,804217-WNM,2002,5,0,NA,0,F
804217-WNM--2003,804217-WNM,2003,6,2,5,0,F
804217-WNM--2004,804217-WNM,2004,7,6,NA,0,F
804218-NGO--1998,804218-NGO,1998,1,2,NA,0,F
804218-NGO--1999,804218-NGO,1999,2,0,NA,0,F
804218-NGO--2000,804218-NGO,2000,3,5,13,0,F
804218-NGO--2001,804218-NGO,2001,4,2,20,0,F
804220-WMG--1998,804220-WMG,1998,1,1,19,0,F
804230-OGR--1998,804230-OGR,1998,1,2,-31,0,F
804230-OGR--1999,804230-OGR,1999,2,4,-20,0,F
804230-OGR--2000,804230-OGR,2000,3,6,-26,0,F
804308-YybW--1999,804308-YybW,1999,1,1,6,0,F
804308-YybW--2000,804308-YybW,2000,2,2,NA,0,F
804308-YybW--2001,804308-YybW,2001,3,3,10,0,F
804308-YybW--2002,804308-YybW,2002,4,6,-13,0,F
832089-YRW--1999,832089-YRW,1999,1,2,10,0,F
832093-NAY--1999,832093-NAY,1999,1,3,4,0,F
832093-NAY--2000,832093-NAY,2000,2,0,3,0,F
832100-AboR--1999,832100-AboR,1999,1,0,NA,0,F
832100-AboR--2000,832100-AboR,2000,2,2,NA,0,F
832100-AboR--2001,832100-AboR,2001,3,1,-19,0,F
832102-BboA--1999,832102-BboA,1999,1,0,66,0,F
832102-BboA--2000,832102-BboA,2000,2,4,NA,0,F
832102-BboA--2001,832102-BboA,2001,3,3,NA,0,F
832105-WboG--1999,832105-WboG,1999,1,0,NA,0,F
832105-WboG--2000,832105-WboG,2000,2,3,11,0,F
832117-NybM--1999,832117-NybM,1999,1,0,44,0,F
832117-NybM--2000,832117-NybM,2000,2,1,-1,0,F
832121-OAY--1999,832121-OAY,1999,1,3,NA,0,F
832121-OAY--2000,832121-OAY,2000,2,3,-4,0,F
832131-GrbG--1999,832131-GrbG,1999,1,3,25,0,F
832131-GrbG--2000,832131-GrbG,2000,2,0,-2,0,F
832131-GrbG--2001,832131-GrbG,2001,3,3,-2,0,F
832173-GWM--1999,832173-GWM,1999,1,0,10,0,F
832173-GWM--2000,832173-GWM,2000,2,1,18,0,F
832173-GWM--2001,832173-GWM,2001,3,4,0,0,F
832183-YYO--1999,832183-YYO,1999,1,0,46,0,F
832184-YGM--1999,832184-YGM,1999,1,0,4,0,F
832184-YGM--2000,832184-YGM,2000,2,4,-10,0,F
832184-YGM--2001,832184-YGM,2001,3,3,NA,0,F
832184-YGM--2002,832184-YGM,2002,4,2,NA,0,F
832184-YGM--2003,832184-YGM,2003,5,4,27,0,F
832184-YGM--2004,832184-YGM,2004,6,0,NA,0,F
832184-YGM--2005,832184-YGM,2005,7,0,NA,0,F
832188-YMM--1999,832188-YMM,1999,1,0,35,0,F
832188-YMM--2000,832188-YMM,2000,2,2,NA,0,F
832190-YMN--1999,832190-YMN,1999,1,0,6,0,F
832190-YMN--2000,832190-YMN,2000,2,0,NA,0,F
832190-YMN--2001,832190-YMN,2001,3,1,NA,0,F
832190-YMN--2002,832190-YMN,2002,4,0,NA,0,F
832190-YMN--2003,832190-YMN,2003,5,1,0,0,F
832190-YMN--2004,832190-YMN,2004,6,6,NA,0,F
832193-YNB--1999,832193-YNB,1999,1,0,NA,0,F
832193-YNB--2000,832193-YNB,2000,2,0,4,0,F
832193-YNB--2001,832193-YNB,2001,3,3,NA,0,F
832195-YNG--1999,832195-YNG,1999,1,0,7,0,F
832195-YNG--2000,832195-YNG,2000,2,3,23,0,F
832195-YNG--2001,832195-YNG,2001,3,3,-7,0,F
832195-YNG--2002,832195-YNG,2002,4,3,7,0,F
832195-YNG--2003,832195-YNG,2003,5,3,-18,0,F
832195-YNG--2004,832195-YNG,2004,6,5,0,0,F
832195-YNG--2005,832195-YNG,2005,7,7,NA,0,F
832197-YWG--1999,832197-YWG,1999,1,1,NA,0,F
832197-YWG--2000,832197-YWG,2000,2,1,0,0,F
832198-RWR--1999,832198-RWR,1999,1,0,NA,0,F
832217-OBO--1999,832217-OBO,1999,1,0,17,0,F
832217-OBO--2000,832217-OBO,2000,2,2,-6,0,F
832217-OBO--2001,832217-OBO,2001,3,3,-17,0,F
832217-OBO--2002,832217-OBO,2002,4,3,12,0,F
832217-OBO--2003,832217-OBO,2003,5,6,-5,0,F
832217-OBO--2004,832217-OBO,2004,6,7,-3,0,F
832217-OBO--2005,832217-OBO,2005,7,9,0,0,F
832217-OBO--2006,832217-OBO,2006,8,3,-2,0,F
832226-BMG--1999,832226-BMG,1999,1,1,6,0,F
832226-BMG--2000,832226-BMG,2000,2,2,NA,0,F
832226-BMG--2001,832226-BMG,2001,3,0,10,0,F
832226-BMG--2002,832226-BMG,2002,4,1,NA,0,F
832226-BMG--2003,832226-BMG,2003,5,0,NA,0,F
832226-BMG--2004,832226-BMG,2004,6,3,-1,0,F
832226-BMG--2005,832226-BMG,2005,7,4,-3,0,F
832226-BMG--2006,832226-BMG,2006,8,2,NA,0,F
832230-NAB--1999,832230-NAB,1999,1,0,42,0,F
832242-NAA--1999,832242-NAA,1999,1,0,47,0,F
832242-NAA--2000,832242-NAA,2000,2,2,NA,0,F
832242-NAA--2001,832242-NAA,2001,3,3,-9,0,F
832368-wnAM--2000,832368-wnAM,2000,1,0,38,0,F
832368-wnAM--2001,832368-wnAM,2001,2,3,NA,0,F
832368-wnAM--2002,832368-wnAM,2002,3,1,37,0,F
832376-RWO--1999,832376-RWO,1999,1,2,96,0,F
832376-RWO--2000,832376-RWO,2000,2,7,NA,0,F
832376-RWO--2001,832376-RWO,2001,3,4,-16,0,F
832419-wnNO--2000,832419-wnNO,2000,1,3,NA,0,F
832434-gyOA--2000,832434-gyOA,2000,1,3,NA,0,F
832448-ogMY--2000,832448-ogMY,2000,1,2,22,0,F
832448-ogMY--2001,832448-ogMY,2001,2,3,1,0,F
832448-ogMY--2002,832448-ogMY,2002,3,0,30,0,F
832448-ogMY--2003,832448-ogMY,2003,4,3,12,0,F
832448-ogMY--2004,832448-ogMY,2004,5,3,30,0,F
832448-ogMY--2005,832448-ogMY,2005,6,1,11,0,F
832472-boNO--2000,832472-boNO,2000,1,0,21,0,F
832485-BBA--2000,832485-BBA,2000,1,3,15,0,F
832485-BBA--2001,832485-BBA,2001,2,1,5,0,F
832486-WOO--2000,832486-WOO,2000,1,2,1,0,F
832486-WOO--2001,832486-WOO,2001,2,2,-23,0,F
832486-WOO--2002,832486-WOO,2002,3,0,-7,0,F
832486-WOO--2003,832486-WOO,2003,4,2,-28,0,F
832487-NWA--2001,832487-NWA,2001,2,2,12,0,F
832545-RYA--2000,832545-RYA,2000,1,2,NA,0,F
832545-RYA--2001,832545-RYA,2001,2,4,4,0,F
832545-RYA--2002,832545-RYA,2002,3,1,0,0,F
832545-RYA--2003,832545-RYA,2003,4,2,-2,0,F
832546-YRA--2001,832546-YRA,2001,2,1,0,0,F
832547-OYB--2000,832547-OYB,2000,1,3,17,0,F
832547-OYB--2001,832547-OYB,2001,2,0,12,0,F
832548-BYM--2000,832548-BYM,2000,1,0,31,0,F
832551-ABY--2000,832551-ABY,2000,1,2,22,0,F
832551-ABY--2001,832551-ABY,2001,2,3,-12,0,F
832552-YGA--2000,832552-YGA,2000,1,2,NA,0,F
832552-YGA--2001,832552-YGA,2001,2,4,8,0,F
832553-BWA--2000,832553-BWA,2000,1,1,NA,0,F
832553-BWA--2001,832553-BWA,2001,2,2,-1,0,F
832554-NNA--2000,832554-NNA,2000,1,0,17,0,F
832555-YAA--2000,832555-YAA,2000,1,3,60,0,F
832555-YAA--2001,832555-YAA,2001,2,3,27,0,F
832555-YAA--2002,832555-YAA,2002,3,2,NA,0,F
832555-YAA--2003,832555-YAA,2003,4,3,-1,0,F
832555-YAA--2004,832555-YAA,2004,5,6,9,0,F
832555-YAA--2005,832555-YAA,2005,6,3,NA,0,F
832555-YAA--2006,832555-YAA,2006,7,1,1,0,F
832558-BRM--2000,832558-BRM,2000,1,0,NA,0,F
832558-BRM--2001,832558-BRM,2001,2,3,-4,0,F
832559-WON--2000,832559-WON,2000,1,0,NA,0,F
832559-WON--2001,832559-WON,2001,2,5,NA,0,F
832560-NAW--2000,832560-NAW,2000,1,0,2,0,F
832560-NAW--2001,832560-NAW,2001,2,2,-2,0,F
832561-RRA--2000,832561-RRA,2000,1,0,NA,0,F
832561-RRA--2001,832561-RRA,2001,2,3,NA,0,F
832562-AOA--2001,832562-AOA,2001,2,3,9,0,F
832562-AOA--2002,832562-AOA,2002,3,4,-9,0,F
832562-AOA--2003,832562-AOA,2003,4,4,-15,0,F
832562-AOA--2004,832562-AOA,2004,5,0,0,0,F
832563-OAB--2000,832563-OAB,2000,1,2,20,0,F
832565-MRW--2001,832565-MRW,2001,2,2,NA,0,F
832568-BRG--2000,832568-BRG,2000,1,1,NA,0,F
832570-WYO--2000,832570-WYO,2000,1,2,37,0,F
832570-WYO--2001,832570-WYO,2001,2,1,NA,0,F
832570-WYO--2002,832570-WYO,2002,3,2,2,0,F
832572-MYA--2000,832572-MYA,2000,1,0,31,0,F
832573-ABN--2000,832573-ABN,2000,1,3,25,0,F
832574-ogogog--2000,832574-ogogog,2000,1,3,25,0,F
832593-gnWN--2001,832593-gnWN,2001,1,3,NA,0,F
832593-gnWN--2002,832593-gnWN,2002,2,0,NA,0,F
832593-gnWN--2003,832593-gnWN,2003,3,3,20,0,F
832593-gnWN--2004,832593-gnWN,2004,4,0,17,0,F
832593-gnWN--2005,832593-gnWN,2005,5,5,NA,0,F
832595-WYA--2000,832595-WYA,2000,1,1,32,0,F
832595-WYA--2001,832595-WYA,2001,2,3,-14,0,F
832595-WYA--2002,832595-WYA,2002,3,2,11,0,F
832595-WYA--2003,832595-WYA,2003,4,3,0,0,F
832596-RWA--2000,832596-RWA,2000,1,0,NA,0,F
832596-RWA--2001,832596-RWA,2001,2,2,3,0,F
832598-mnMM--2001,832598-mnMM,2001,1,1,NA,0,F
832598-mnMM--2002,832598-mnMM,2002,2,0,NA,0,F
832598-mnMM--2003,832598-mnMM,2003,3,2,NA,0,F
832624-GRG--2000,832624-GRG,2000,1,1,NA,0,F
832696-goYO--2001,832696-goYO,2001,1,0,42,0,F
832697-goRW--2001,832697-goRW,2001,1,0,37,0,F
832789-mnRG--2001,832789-mnRG,2001,1,2,NA,0,F
832789-mnRG--2002,832789-mnRG,2002,2,0,-13,0,F
832817-gnYB--2001,832817-gnYB,2001,1,0,50,0,F
832860-mnMO--2002,832860-mnMO,2002,2,0,57,0,F
832860-mnMO--2003,832860-mnMO,2003,3,3,-5,0,F
832860-mnMO--2004,832860-mnMO,2004,4,4,NA,0,F
832860-mnMO--2005,832860-mnMO,2005,5,6,NA,0,F
832869-wmMW--2002,832869-wmMW,2002,2,2,NA,0,F
832869-wmMW--2003,832869-wmMW,2003,3,1,11,0,F
832869-wmMW--2004,832869-wmMW,2004,4,3,NA,0,F
832934-RAM--2001,832934-RAM,2001,1,0,12,0,F
832934-RAM--2002,832934-RAM,2002,2,0,NA,0,F
832940-goGG--2001,832940-goGG,2001,1,4,2,1,F
832947-YBA--2001,832947-YBA,2001,1,0,10,0,F
832947-YBA--2002,832947-YBA,2002,2,0,11,0,F
832947-YBA--2003,832947-YBA,2003,3,1,NA,0,F
832956-OYA--2001,832956-OYA,2001,1,4,5,0,F
832959-RBA--2001,832959-RBA,2001,1,0,44,0,F
832960-NYO--2001,832960-NYO,2001,1,4,NA,0,F
832960-NYO--2002,832960-NYO,2002,2,0,-16,0,F
832962-NRB--2001,832962-NRB,2001,1,3,43,0,F
832965-NBN--2001,832965-NBN,2001,1,3,15,0,F
832965-NBN--2002,832965-NBN,2002,2,3,-8,0,F
832965-NBN--2003,832965-NBN,2003,3,0,NA,0,F
832965-NBN--2004,832965-NBN,2004,4,3,-3,0,F
832965-NBN--2005,832965-NBN,2005,5,4,-1,0,F
832965-NBN--2006,832965-NBN,2006,6,0,-9,0,F
832967-BWN--2001,832967-BWN,2001,1,2,NA,0,F
832967-BWN--2002,832967-BWN,2002,2,1,-11,0,F
832967-BWN--2003,832967-BWN,2003,3,5,2,0,F
832968-MRA--2001,832968-MRA,2001,1,0,NA,0,F
832970-ARM--2001,832970-ARM,2001,1,0,NA,0,F
832970-ARM--2002,832970-ARM,2002,2,0,-10,0,F
832970-ARM--2003,832970-ARM,2003,3,3,-22,0,F
832970-ARM--2004,832970-ARM,2004,4,3,-16,0,F
832970-ARM--2005,832970-ARM,2005,5,4,-22,0,F
832970-ARM--2006,832970-ARM,2006,6,0,-33,0,F
832970-ARM--2007,832970-ARM,2007,7,5,-17,0,F
832971-AAM--2002,832971-AAM,2002,2,2,5,0,F
832971-AAM--2003,832971-AAM,2003,3,1,14,0,F
832973-YWR--2001,832973-YWR,2001,1,0,NA,0,F
832973-YWR--2002,832973-YWR,2002,2,0,10,0,F
832973-YWR--2003,832973-YWR,2003,3,2,0,0,F
832973-YWR--2004,832973-YWR,2004,4,4,-2,0,F
832973-YWR--2005,832973-YWR,2005,5,4,8,0,F
832973-YWR--2006,832973-YWR,2006,6,2,NA,0,F
832973-YWR--2007,832973-YWR,2007,7,4,-3,0,F
832973-YWR--2008,832973-YWR,2008,8,1,52,0,F
832973-YWR--2009,832973-YWR,2009,9,4,NA,0,F
832974-MAB--2001,832974-MAB,2001,1,0,NA,0,F
832974-MAB--2002,832974-MAB,2002,2,3,3,0,F
832974-MAB--2003,832974-MAB,2003,3,1,4,0,F
832974-MAB--2004,832974-MAB,2004,4,1,-5,0,F
832974-MAB--2005,832974-MAB,2005,5,3,NA,0,F
832974-MAB--2006,832974-MAB,2006,6,0,9,0,F
832974-MAB--2007,832974-MAB,2007,7,5,15,0,F
832977-ANM2--2001,832977-ANM2,2001,1,1,4,0,F
833008-RwmN--2002,833008-RwmN,2002,1,0,35,0,F
833020-BgnY--2002,833020-BgnY,2002,1,0,NA,0,F
833049-YWA--2001,833049-YWA,2001,1,0,NA,0,F
833049-YWA--2002,833049-YWA,2002,2,0,9,0,F
833072-RGA--2001,833072-RGA,2001,1,0,52,0,F
833084-RbgB--2002,833084-RbgB,2002,1,0,22,0,F
833084-RbgB--2003,833084-RbgB,2003,2,5,-4,0,F
833096-YYM--2002,833096-YYM,2002,1,1,21,0,F
833096-YYM--2003,833096-YYM,2003,2,0,-2,0,F
833096-YYM--2004,833096-YYM,2004,3,4,-4,0,F
833096-YYM--2005,833096-YYM,2005,4,3,NA,0,F
833109-BgnB--2002,833109-BgnB,2002,1,4,5,0,F
833109-BgnB--2003,833109-BgnB,2003,2,3,-26,0,F
833109-BgnB--2004,833109-BgnB,2004,3,1,NA,0,F
833121-YogN--2002,833121-YogN,2002,1,0,2,0,F
833121-YogN--2003,833121-YogN,2003,2,4,NA,0,F
833121-YogN--2004,833121-YogN,2004,3,7,-5,0,F
833121-YogN--2005,833121-YogN,2005,4,3,NA,0,F
833121-YogN--2006,833121-YogN,2006,5,0,NA,0,F
833121-YogN--2007,833121-YogN,2007,6,3,NA,0,F
833128-YbgA--2002,833128-YbgA,2002,1,2,20,1,F
833153-BgnM--2002,833153-BgnM,2002,1,3,49,0,F
833153-BgnM--2003,833153-BgnM,2003,2,4,NA,0,F
833169-BbgY--2002,833169-BbgY,2002,1,0,NA,0,F
833169-BbgY--2003,833169-BbgY,2003,2,2,0,0,F
833169-BbgY--2004,833169-BbgY,2004,3,0,NA,0,F
833169-BbgY--2005,833169-BbgY,2005,4,0,NA,0,F
833169-BbgY--2006,833169-BbgY,2006,5,2,5,0,F
833201-MogR--2002,833201-MogR,2002,1,0,4,0,F
833201-MogR--2003,833201-MogR,2003,2,0,7,0,F
833201-MogR--2004,833201-MogR,2004,3,4,9,0,F
833276-YwmB--2002,833276-YwmB,2002,1,2,27,0,F
833276-YwmB--2003,833276-YwmB,2003,2,3,6,0,F
833518-AMO--2002,833518-AMO,2002,1,3,NA,0,F
833528-MRO--2002,833528-MRO,2002,1,1,15,0,F
833528-MRO--2003,833528-MRO,2003,2,3,NA,0,F
833528-MRO--2004,833528-MRO,2004,3,1,-16,0,F
833528-MRO--2005,833528-MRO,2005,4,1,NA,0,F
833535-AGM--2003,833535-AGM,2003,2,1,-6,0,F
833536-NWY2--2002,833536-NWY2,2002,1,0,35,0,F
833537-BNG--2003,833537-BNG,2003,2,2,9,0,F
833537-BNG--2004,833537-BNG,2004,3,2,2,0,F
833537-BNG--2005,833537-BNG,2005,4,3,NA,0,F
833538-AGN--2002,833538-AGN,2002,1,0,4,0,F
833539-AWR--2002,833539-AWR,2002,1,0,23,0,F
833539-AWR--2003,833539-AWR,2003,2,2,NA,0,F
833539-AWR--2004,833539-AWR,2004,3,2,15,0,F
833539-AWR--2005,833539-AWR,2005,4,6,14,0,F
833539-AWR--2006,833539-AWR,2006,5,3,4,0,F
833540-YGW--2002,833540-YGW,2002,2,0,NA,0,F
833584-NgbW--2003,833584-NgbW,2003,1,3,17,0,F
833584-NgbW--2004,833584-NgbW,2004,2,2,10,0,F
833584-NgbW--2005,833584-NgbW,2005,3,5,-7,0,F
833584-NgbW--2006,833584-NgbW,2006,4,3,-6,0,F
833588-OnyO--2003,833588-OnyO,2003,1,0,9,0,F
833588-OnyO--2004,833588-OnyO,2004,2,1,NA,0,F
833590-OnyA--2003,833590-OnyA,2003,1,2,NA,0,F
833590-OnyA--2004,833590-OnyA,2004,2,6,-14,0,F
833590-OnyA--2005,833590-OnyA,2005,3,9,-12,0,F
833590-OnyA--2006,833590-OnyA,2006,4,0,6,0,F
833590-OnyA--2007,833590-OnyA,2007,5,1,-8,0,F
833590-OnyA--2008,833590-OnyA,2008,6,2,-6,0,F
833590-OnyA--2009,833590-OnyA,2009,7,2,-4,0,F
833590-OnyA--2010,833590-OnyA,2010,8,1,NA,0,F
833590-OnyA--2011,833590-OnyA,2011,9,2,4,0,F
833592-WngM--2003,833592-WngM,2003,1,1,25,0,F
833615-AngY--2003,833615-AngY,2003,1,0,32,0,F
833615-AngY--2004,833615-AngY,2004,2,0,24,0,F
833615-AngY--2005,833615-AngY,2005,3,2,7,0,F
833615-AngY--2006,833615-AngY,2006,4,0,11,0,F
833615-AngY--2007,833615-AngY,2007,5,1,NA,0,F
833615-AngY--2008,833615-AngY,2008,6,3,NA,0,F
833615-AngY--2009,833615-AngY,2009,7,2,NA,0,F
833665-AgbA--2003,833665-AgbA,2003,1,2,12,1,F
833666-NYA--2002,833666-NYA,2002,1,2,NA,0,F
833666-NYA--2003,833666-NYA,2003,2,2,3,0,F
833671-YWM--2002,833671-YWM,2002,1,0,33,0,F
833671-YWM--2003,833671-YWM,2003,2,0,0,0,F
833676-MnyM--2003,833676-MnyM,2003,1,1,19,0,F
833676-MnyM--2004,833676-MnyM,2004,2,0,1,0,F
833751-ngAN--2004,833751-ngAN,2004,1,2,NA,0,F
833751-ngAN--2005,833751-ngAN,2005,2,6,0,0,F
898095-gbAM--2004,898095-gbAM,2004,1,0,NA,0,F
898095-gbAM--2005,898095-gbAM,2005,2,0,9,0,F
898100-OBN--2003,898100-OBN,2003,1,0,21,0,F
898100-OBN--2004,898100-OBN,2004,2,0,0,0,F
898242-gbAN--2004,898242-gbAN,2004,1,0,NA,0,F
898242-gbAN--2005,898242-gbAN,2005,2,1,1,0,F
898242-gbAN--2006,898242-gbAN,2006,3,0,12,0,F
898242-gbAN--2007,898242-gbAN,2007,4,4,20,0,F
898242-gbAN--2008,898242-gbAN,2008,5,1,NA,0,F
898289-noAO--2004,898289-noAO,2004,1,2,32,0,F
898300-GAR--2003,898300-GAR,2003,1,0,50,0,F
898300-GAR--2004,898300-GAR,2004,2,0,3,0,F
898317-GRM--2004,898317-GRM,2004,1,3,NA,0,F
898317-GRM--2005,898317-GRM,2005,2,4,NA,0,F
898317-GRM--2006,898317-GRM,2006,3,1,-13,0,F
898317-GRM--2007,898317-GRM,2007,4,3,-2,0,F
898317-GRM--2008,898317-GRM,2008,5,1,NA,0,F
898319-rbBY--2004,898319-rbBY,2004,1,1,58,0,F
898330-NNN--2004,898330-NNN,2004,1,2,NA,0,F
898330-NNN--2005,898330-NNN,2005,2,2,NA,0,F
898330-NNN--2006,898330-NNN,2006,3,3,-3,0,F
898331-OMA--2004,898331-OMA,2004,1,5,25,0,F
898332-ABR--2004,898332-ABR,2004,1,4,NA,0,F
898332-ABR--2005,898332-ABR,2005,2,3,0,0,F
898332-ABR--2006,898332-ABR,2006,3,1,-4,0,F
898332-ABR--2007,898332-ABR,2007,4,0,NA,0,F
898332-ABR--2008,898332-ABR,2008,5,0,-7,0,F
898332-ABR--2009,898332-ABR,2009,6,3,-8,0,F
898336-GMR--2004,898336-GMR,2004,1,3,32,0,F
898336-GMR--2005,898336-GMR,2005,2,4,0,0,F
898338-MGB--2004,898338-MGB,2004,1,0,46,0,F
898338-MGB--2005,898338-MGB,2005,2,3,NA,0,F
898345-RGN--2004,898345-RGN,2004,1,0,38,0,F
898345-RGN--2005,898345-RGN,2005,2,5,-21,0,F
898345-RGN--2006,898345-RGN,2006,3,2,-28,0,F
898346-BGW--2004,898346-BGW,2004,1,2,27,0,F
898349-RMA--2004,898349-RMA,2004,1,3,47,0,F
898351-GON--2004,898351-GON,2004,1,1,32,0,F
898351-GON--2005,898351-GON,2005,2,4,16,0,F
898351-GON--2006,898351-GON,2006,3,2,15,0,F
898351-GON--2007,898351-GON,2007,4,0,8,0,F
898353-MRB--2004,898353-MRB,2004,1,3,12,0,F
898527-weAM--2005,898527-weAM,2005,1,3,NA,0,F
898527-weAM--2006,898527-weAM,2006,2,2,NA,0,F
898591-weAR--2005,898591-weAR,2005,1,0,NA,0,F
898591-weAR--2006,898591-weAR,2006,2,1,2,0,F
898591-weAR--2007,898591-weAR,2007,3,8,-4,0,F
898591-weAR--2008,898591-weAR,2008,4,3,-7,0,F
898591-weAR--2009,898591-weAR,2009,5,5,-24,0,F
898591-weAR--2010,898591-weAR,2010,6,1,-5,0,F
898636-rwBA--2005,898636-rwBA,2005,1,2,24,1,F
898656-bgBY--2005,898656-bgBY,2005,1,3,17,0,F
898660-onRA--2005,898660-onRA,2005,1,3,NA,0,F
898660-onRA--2006,898660-onRA,2006,2,0,-11,0,F
898679-BAY--2004,898679-BAY,2004,1,0,63,0,F
898680-AMM--2005,898680-AMM,2005,1,2,4,0,F
898680-AMM--2006,898680-AMM,2006,2,2,0,0,F
898680-AMM--2007,898680-AMM,2007,3,0,2,0,F
898685-brBA--2005,898685-brBA,2005,1,3,22,0,F
898685-brBA--2006,898685-brBA,2006,2,0,8,0,F
898685-brBA--2007,898685-brBA,2007,3,3,-4,0,F
898695-YNY--2005,898695-YNY,2005,1,0,29,1,F
898696-RGR--2005,898696-RGR,2005,1,2,NA,0,F
898696-RGR--2006,898696-RGR,2006,2,0,NA,0,F
898697-AOO--2005,898697-AOO,2005,1,3,47,0,F
898700-bgNG--2005,898700-bgNG,2005,1,1,NA,0,F
898700-bgNG--2006,898700-bgNG,2006,2,3,9,0,F
898700-bgNG--2007,898700-bgNG,2007,3,4,-1,0,F
898700-bgNG--2008,898700-bgNG,2008,4,5,-8,0,F
898700-bgNG--2009,898700-bgNG,2009,5,0,-13,0,F
898716-YRO--2005,898716-YRO,2005,1,2,13,0,F
898716-YRO--2006,898716-YRO,2006,2,0,NA,0,F
898716-YRO--2007,898716-YRO,2007,3,0,20,0,F
898718-weYM--2005,898718-weYM,2005,1,0,20,0,F
898718-weYM--2006,898718-weYM,2006,2,0,0,0,F
898718-weYM--2007,898718-weYM,2007,3,3,-12,0,F
898725-GGA--2005,898725-GGA,2005,1,1,14,0,F
898725-GGA--2006,898725-GGA,2006,2,2,24,0,F
898725-GGA--2007,898725-GGA,2007,3,0,NA,0,F
898726-WAW--2005,898726-WAW,2005,1,1,39,0,F
898726-WAW--2006,898726-WAW,2006,2,2,8,0,F
898726-WAW--2007,898726-WAW,2007,3,0,NA,0,F
898726-WAW--2008,898726-WAW,2008,4,0,3,0,F
898728-RWM--2005,898728-RWM,2005,1,0,20,0,F
898729-NWY--2005,898729-NWY,2005,1,0,NA,0,F
898729-NWY--2006,898729-NWY,2006,2,1,8,0,F
898731-AOB--2005,898731-AOB,2005,1,3,25,0,F
898731-AOB--2006,898731-AOB,2006,2,3,-3,0,F
898731-AOB--2007,898731-AOB,2007,3,4,-10,0,F
898731-AOB--2008,898731-AOB,2008,4,4,-6,0,F
898733-OOA--2005,898733-OOA,2005,1,2,23,1,F
898735-NRR--2006,898735-NRR,2006,2,0,-4,0,F
898738-AGY--2004,898738-AGY,2004,1,4,NA,0,F
898738-AGY--2005,898738-AGY,2005,2,4,NA,0,F
898738-AGY--2006,898738-AGY,2006,3,3,-4,0,F
898739-RMY--2005,898739-RMY,2005,1,3,24,0,F
898739-RMY--2006,898739-RMY,2006,2,0,3,0,F
898740-MWA--2005,898740-MWA,2005,1,0,NA,0,F
898740-MWA--2006,898740-MWA,2006,2,0,30,0,F
898740-MWA--2007,898740-MWA,2007,3,0,15,0,F
898742-NOM--2005,898742-NOM,2005,1,1,11,0,F
898742-NOM--2006,898742-NOM,2006,2,0,NA,0,F
898742-NOM--2007,898742-NOM,2007,3,2,NA,0,F
898742-NOM--2008,898742-NOM,2008,4,0,4,0,F
898742-NOM--2009,898742-NOM,2009,5,1,-1,0,F
898744-GBO--2005,898744-GBO,2005,1,0,51,0,F
898746-WAB--2005,898746-WAB,2005,1,0,78,0,F
898747-ANM--2005,898747-ANM,2005,1,3,31,0,F
898747-ANM--2006,898747-ANM,2006,2,2,2,0,F
899051-BGM--2005,899051-BGM,2005,1,1,37,0,F
899051-BGM--2006,899051-BGM,2006,2,2,-16,0,F
899051-BGM--2007,899051-BGM,2007,3,2,-12,0,F
899099-ObyA--2006,899099-ObyA,2006,1,0,40,0,F
899157-MbyN--2007,899157-MbyN,2007,2,0,0,0,F
899157-MbyN--2008,899157-MbyN,2008,3,0,-8,0,F
899176-AgoB--2006,899176-AgoB,2006,1,0,39,0,F
899176-AgoB--2007,899176-AgoB,2007,2,1,NA,0,F
899187-AgoY--2007,899187-AgoY,2007,2,5,3,0,F
899187-AgoY--2008,899187-AgoY,2008,3,2,-1,0,F
899187-AgoY--2009,899187-AgoY,2009,4,2,6,0,F
899212-OGA--2007,899212-OGA,2007,2,4,0,0,F
899212-OGA--2008,899212-OGA,2008,3,6,-1,0,F
899212-OGA--2009,899212-OGA,2009,4,5,-2,0,F
899212-OGA--2010,899212-OGA,2010,5,4,NA,0,F
899212-OGA--2011,899212-OGA,2011,6,2,NA,0,F
899212-OGA--2012,899212-OGA,2012,7,0,20,0,F
899265-ORR--2006,899265-ORR,2006,1,0,50,0,F
899265-ORR--2007,899265-ORR,2007,2,1,0,0,F
899265-ORR--2008,899265-ORR,2008,3,2,-2,0,F
899265-ORR--2009,899265-ORR,2009,4,1,-13,0,F
899282-BAO--2006,899282-BAO,2006,1,0,3,0,F
899283-WAR--2007,899283-WAR,2007,2,0,6,0,F
899284-WAY--2006,899284-WAY,2006,1,1,6,0,F
899289-MBW--2006,899289-MBW,2006,1,0,NA,0,F
899289-MBW--2007,899289-MBW,2007,2,2,-6,0,F
899340-AnaB--2007,899340-AnaB,2007,1,4,23,0,F
899370-GOA--2006,899370-GOA,2006,1,0,32,1,F
899373-GMY--2006,899373-GMY,2006,1,0,NA,0,F
899382-OobN--2007,899382-OobN,2007,1,0,17,0,F
899382-OobN--2008,899382-OobN,2008,2,2,1,0,F
899382-OobN--2009,899382-OobN,2009,3,0,NA,0,F
899384-YobG--2007,899384-YobG,2007,1,0,30,0,F
899385-ARA--2006,899385-ARA,2006,1,1,28,0,F
899385-ARA--2007,899385-ARA,2007,2,6,NA,0,F
899435-MAY--2006,899435-MAY,2006,1,2,41,0,F
899435-MAY--2007,899435-MAY,2007,2,2,NA,0,F
899435-MAY--2008,899435-MAY,2008,3,3,6,0,F
899446-BOG--2007,899446-BOG,2007,2,2,9,0,F
899446-BOG--2008,899446-BOG,2008,3,0,4,0,F
899453-MybA--2007,899453-MybA,2007,1,0,NA,0,F
899453-MybA--2008,899453-MybA,2008,2,5,10,0,F
899453-MybA--2009,899453-MybA,2009,3,4,10,0,F
899453-MybA--2010,899453-MybA,2010,4,0,NA,0,F
899467-ONA--2006,899467-ONA,2006,1,0,NA,0,F
899471-YON--2006,899471-YON,2006,1,2,32,1,F
899472-AybO--2007,899472-AybO,2007,1,1,37,0,F
899472-AybO--2008,899472-AybO,2008,2,3,4,0,F
899472-AybO--2009,899472-AybO,2009,3,3,NA,0,F
899472-AybO--2010,899472-AybO,2010,4,3,10,0,F
899472-AybO--2011,899472-AybO,2011,5,2,9,0,F
899473-GybN--2007,899473-GybN,2007,1,0,19,0,F
899481-brON--2007,899481-brON,2007,1,0,-5,0,F
899481-brON--2008,899481-brON,2008,2,1,-4,0,F
899481-brON--2009,899481-brON,2009,3,1,-8,0,F
899481-brON--2010,899481-brON,2010,4,2,3,0,F
899490-anYA--2006,899490-anYA,2006,1,0,30,1,F
899491-WAO--2005,899491-WAO,2005,1,5,28,0,F
899491-WAO--2006,899491-WAO,2006,2,1,12,0,F
899491-WAO--2007,899491-WAO,2007,3,2,20,0,F
899491-WAO--2008,899491-WAO,2008,4,2,-1,0,F
899495-RBN--2006,899495-RBN,2006,1,0,35,0,F
899495-RBN--2007,899495-RBN,2007,2,1,18,0,F
899495-RBN--2008,899495-RBN,2008,3,2,5,0,F
899495-RBN--2009,899495-RBN,2009,4,4,NA,0,F
899495-RBN--2010,899495-RBN,2010,5,4,NA,0,F
899500-BOB--2006,899500-BOB,2006,1,0,29,0,F
899507-GOR--2007,899507-GOR,2007,1,0,7,0,F
899518-ANB--2007,899518-ANB,2007,1,1,15,0,F
899532-ORY--2007,899532-ORY,2007,1,0,NA,0,F
899599-NYW--2007,899599-NYW,2007,1,0,NA,0,F
899657-RAN--2007,899657-RAN,2007,1,0,93,0,F
899657-RAN--2008,899657-RAN,2008,2,4,0,0,F
899659-AAN2--2007,899659-AAN2,2007,1,0,15,0,F
899702-naOR--2008,899702-naOR,2008,1,0,52,0,F
899707-ogBB--2008,899707-ogBB,2008,1,2,24,0,F
899720-raOB--2008,899720-raOB,2008,1,3,NA,0,F
899720-raOB--2009,899720-raOB,2009,2,2,4,0,F
899722-YNN--2008,899722-YNN,2008,1,1,-3,0,F
899722-YNN--2009,899722-YNN,2009,2,0,NA,0,F
899722-YNN--2010,899722-YNN,2010,3,1,NA,0,F
899722-YNN--2011,899722-YNN,2011,4,0,-19,0,F
899722-YNN--2012,899722-YNN,2012,5,0,NA,0,F
899729-nrWN--2009,899729-nrWN,2009,2,2,28,0,F
899746-WWA--2008,899746-WWA,2008,1,3,NA,0,F
899746-WWA--2009,899746-WWA,2009,2,2,10,0,F
899792-GOG--2008,899792-GOG,2008,1,2,39,0,F
899792-GOG--2009,899792-GOG,2009,2,1,NA,0,F
899792-GOG--2010,899792-GOG,2010,3,6,NA,0,F
899799-naYO--2009,899799-naYO,2009,2,2,0,0,F
899800-AON--2008,899800-AON,2008,1,0,-7,0,F
899800-AON--2009,899800-AON,2009,2,1,-8,0,F
899800-AON--2010,899800-AON,2010,3,3,-10,0,F
899805-BAR--2008,899805-BAR,2008,1,0,7,0,F
899809-GYG--2008,899809-GYG,2008,1,2,8,0,F
899809-GYG--2009,899809-GYG,2009,2,4,6,0,F
899809-GYG--2010,899809-GYG,2010,3,0,-9,0,F
899809-GYG--2011,899809-GYG,2011,4,2,-3,0,F
899809-GYG--2012,899809-GYG,2012,5,5,10,0,F
899812-RRW--2008,899812-RRW,2008,1,3,6,0,F
899813-YBG--2008,899813-YBG,2008,1,1,16,0,F
899813-YBG--2009,899813-YBG,2009,2,5,1,0,F
899814-YNR--2008,899814-YNR,2008,1,3,18,0,F
899817-MAG--2008,899817-MAG,2008,1,0,21,0,F
899818-ABO--2008,899818-ABO,2008,1,0,90,0,F
899821-BAN--2008,899821-BAN,2008,1,2,5,0,F
899821-BAN--2009,899821-BAN,2009,2,0,-8,0,F
899821-BAN--2010,899821-BAN,2010,3,0,NA,0,F
899822-AOR--2008,899822-AOR,2008,1,4,NA,0,F
899823-GGR--2008,899823-GGR,2008,1,4,NA,0,F
899824-AGW--2008,899824-AGW,2008,1,0,NA,0,F
899824-AGW--2009,899824-AGW,2009,2,2,-6,0,F
899825-MAR--2008,899825-MAR,2008,1,0,26,0,F
899825-MAR--2009,899825-MAR,2009,2,2,26,0,F
899826-OAO--2008,899826-OAO,2008,1,0,33,0,F
899826-OAO--2009,899826-OAO,2009,2,0,NA,0,F
899827-NWB--2008,899827-NWB,2008,1,2,NA,0,F
899828-YMA--2008,899828-YMA,2008,1,0,31,0,F
899828-YMA--2009,899828-YMA,2009,2,1,14,0,F
899828-YMA--2010,899828-YMA,2010,3,4,-18,0,F
899828-YMA--2011,899828-YMA,2011,4,2,NA,0,F
899828-YMA--2012,899828-YMA,2012,5,2,-10,0,F
899829-AGA--2008,899829-AGA,2008,1,0,28,0,F
899829-AGA--2009,899829-AGA,2009,2,0,0,0,F
899829-AGA--2010,899829-AGA,2010,3,3,3,0,F
899829-AGA--2011,899829-AGA,2011,4,6,-16,0,F
899829-AGA--2012,899829-AGA,2012,5,0,NA,0,F
899831-YOA--2008,899831-YOA,2008,1,0,57,0,F
899843-YAM--2008,899843-YAM,2008,1,0,NA,0,F
899843-YAM--2009,899843-YAM,2009,2,2,2,0,F
899843-YAM--2010,899843-YAM,2010,3,1,4,0,F
899844-BAA--2008,899844-BAA,2008,1,0,22,0,F
899883-AGR--2008,899883-AGR,2008,1,0,-5,0,F
899883-AGR--2009,899883-AGR,2009,2,0,1,0,F
899887-bwAO--2009,899887-bwAO,2009,1,3,29,0,F
899909-GNN--2008,899909-GNN,2008,1,0,NA,0,F
899909-GNN--2009,899909-GNN,2009,2,0,NA,0,F
899909-GNN--2010,899909-GNN,2010,3,4,-5,0,F
899935-bwBR--2009,899935-bwBR,2009,1,0,37,0,F
899935-bwBR--2010,899935-bwBR,2010,2,1,0,0,F
899948-rnYY--2009,899948-rnYY,2009,1,3,62,0,F
899984-bwBG--2009,899984-bwBG,2009,1,2,44,0,F
899985-GMA--2009,899985-GMA,2009,1,0,NA,0,F
981821-anYG--2009,981821-anYG,2009,1,0,NA,0,F
981827-arAR--2009,981827-arAR,2009,1,1,NA,0,F
981827-arAR--2010,981827-arAR,2010,2,0,7,0,F
981833-RAR--2008,981833-RAR,2008,1,0,56,0,F
981846-BAW--2008,981846-BAW,2008,1,0,42,1,F
981848-WGB--2009,981848-WGB,2009,1,1,19,0,F
981848-WGB--2010,981848-WGB,2010,2,3,11,0,F
981848-WGB--2011,981848-WGB,2011,3,2,-16,0,F
981848-WGB--2012,981848-WGB,2012,4,6,NA,0,F
981848-WGB--2013,981848-WGB,2013,5,4,-6,0,F
981848-WGB--2014,981848-WGB,2014,6,6,3,1,F
981865-MYB--2009,981865-MYB,2009,1,0,NA,0,F
981866-WWM2--2009,981866-WWM2,2009,1,0,NA,0,F
981867-MWG--2009,981867-MWG,2009,1,3,20,0,F
981867-MWG--2010,981867-MWG,2010,2,4,5,0,F
981870-RAW--2009,981870-RAW,2009,1,2,NA,0,F
981871-YMW2--2008,981871-YMW2,2008,1,0,21,0,F
981872-WRM--2009,981872-WRM,2009,1,0,13,0,F
981875-AGO--2009,981875-AGO,2009,1,2,25,0,F
981875-AGO--2010,981875-AGO,2010,2,6,-14,0,F
981875-AGO--2011,981875-AGO,2011,3,2,-15,0,F
981882-OOM--2009,981882-OOM,2009,1,2,29,0,F
981882-OOM--2010,981882-OOM,2010,2,0,8,0,F
981882-OOM--2011,981882-OOM,2011,3,0,NA,0,F
981882-OOM--2012,981882-OOM,2012,4,4,NA,0,F
981882-OOM--2013,981882-OOM,2013,5,2,-2,0,F
981903-GAB--2009,981903-GAB,2009,1,1,31,0,F
981926-YonW--2010,981926-YonW,2010,1,5,34,0,F
981940-WwbO--2010,981940-WwbO,2010,1,0,25,0,F
981940-WwbO--2011,981940-WwbO,2011,2,0,-2,0,F
981973-MNG--2009,981973-MNG,2009,1,3,30,0,F
981973-MNG--2010,981973-MNG,2010,2,6,2,0,F
981973-MNG--2011,981973-MNG,2011,3,4,NA,0,F
981973-MNG--2012,981973-MNG,2012,4,5,-2,0,F
981973-MNG--2013,981973-MNG,2013,5,5,NA,0,F
981991-YraB--2010,981991-YraB,2010,1,3,43,0,F
981991-YraB--2011,981991-YraB,2011,2,6,7,0,F
981991-YraB--2012,981991-YraB,2012,3,0,11,0,F
981991-YraB--2013,981991-YraB,2013,4,2,NA,0,F
982012-OonM--2010,982012-OonM,2010,1,3,24,0,F
982012-OonM--2011,982012-OonM,2011,2,2,NA,0,F
982024-NMY--2009,982024-NMY,2009,1,1,49,0,F
982024-NMY--2010,982024-NMY,2010,2,4,-7,0,F
982025-MnwB--2010,982025-MnwB,2010,1,2,76,0,F
982075-MonB--2010,982075-MonB,2010,1,0,68,0,F
982075-MonB--2011,982075-MonB,2011,2,2,NA,0,F
982076-OonG--2010,982076-OonG,2010,1,0,NA,0,F
982101-MYR--2010,982101-MYR,2010,1,4,-7,0,F
982108-OwgA--2010,982108-OwgA,2010,1,4,34,0,F
982108-OwgA--2011,982108-OwgA,2011,2,3,NA,0,F
982108-OwgA--2012,982108-OwgA,2012,3,2,-1,0,F
982128-YonM--2010,982128-YonM,2010,1,2,64,0,F
982128-YonM--2011,982128-YonM,2011,2,2,21,0,F
982128-YonM--2012,982128-YonM,2012,3,2,-1,0,F
982128-YonM--2013,982128-YonM,2013,4,0,NA,0,F
982137-RWB--2010,982137-RWB,2010,1,5,18,0,F
982146-AonY--2010,982146-AonY,2010,1,3,NA,0,F
982146-AonY--2011,982146-AonY,2011,2,4,-7,0,F
982146-AonY--2012,982146-AonY,2012,3,2,-1,0,F
982151-AAO--2010,982151-AAO,2010,1,2,0,0,F
982151-AAO--2011,982151-AAO,2011,2,2,-15,0,F
982151-AAO--2012,982151-AAO,2012,3,2,1,0,F
982151-AAO--2013,982151-AAO,2013,4,0,3,0,F
982152-GMW--2010,982152-GMW,2010,1,0,21,0,F
982157-OAR--2010,982157-OAR,2010,1,2,43,0,F
982157-OAR--2011,982157-OAR,2011,2,2,26,0,F
982163-WonB--2010,982163-WonB,2010,1,0,NA,0,F
982166-WRA--2010,982166-WRA,2010,1,6,NA,0,F
982169-GWA--2010,982169-GWA,2010,1,3,NA,0,F
982169-GWA--2011,982169-GWA,2011,2,3,1,0,F
982170-OGM--2010,982170-OGM,2010,1,0,31,0,F
982171-BNY--2010,982171-BNY,2010,1,0,11,0,F
982181-OWA--2010,982181-OWA,2010,1,0,21,0,F
982185-YOY--2010,982185-YOY,2010,1,4,-3,0,F
982185-YOY--2011,982185-YOY,2011,2,2,-1,0,F
982185-YOY--2012,982185-YOY,2012,3,2,11,0,F
982185-YOY--2013,982185-YOY,2013,4,1,-2,0,F
982185-YOY--2014,982185-YOY,2014,5,4,-12,0,F
982186-WMR--2010,982186-WMR,2010,1,3,19,0,F
982188-BNW--2010,982188-BNW,2010,1,2,NA,0,F
982189-RNR--2010,982189-RNR,2010,1,3,NA,0,F
982189-RNR--2011,982189-RNR,2011,2,2,1,0,F
982189-RNR--2012,982189-RNR,2012,3,3,15,0,F
982189-RNR--2013,982189-RNR,2013,4,3,2,0,F
982190-YYR--2010,982190-YYR,2010,1,3,NA,0,F
982191-RRN--2010,982191-RRN,2010,1,2,18,0,F
982191-RRN--2011,982191-RRN,2011,2,0,-4,0,F
982193-BBG--2010,982193-BBG,2010,1,2,34,0,F
982193-BBG--2011,982193-BBG,2011,2,1,NA,0,F
982195-YAR--2010,982195-YAR,2010,1,2,NA,0,F
982196-RAO--2010,982196-RAO,2010,1,0,23,0,F
982242-MBM--2010,982242-MBM,2010,1,1,61,0,F
982242-MBM--2011,982242-MBM,2011,2,0,4,0,F
982272-AWW--2010,982272-AWW,2010,1,2,18,0,F
982361-RnoG--2011,982361-RnoG,2011,1,0,17,0,F
982361-RnoG--2012,982361-RnoG,2012,2,6,-7,0,F
982361-RnoG--2013,982361-RnoG,2013,3,2,-6,0,F
982361-RnoG--2014,982361-RnoG,2014,4,3,NA,0,F
982364-AnoN--2011,982364-AnoN,2011,1,1,27,0,F
982365-GBR--2010,982365-GBR,2010,1,2,NA,0,F
982479-MawA--2011,982479-MawA,2011,1,0,5,0,F
982484-BryG--2011,982484-BryG,2011,1,3,NA,0,F
982484-BryG--2012,982484-BryG,2012,2,1,2,0,F
982487-GryW--2012,982487-GryW,2012,2,2,NA,0,F
982487-GryW--2013,982487-GryW,2013,3,0,3,0,F
982524-GnoN--2012,982524-GnoN,2012,2,3,14,0,F
982526-WAA--2011,982526-WAA,2011,1,0,NA,0,F
982526-WAA--2012,982526-WAA,2012,2,0,35,0,F
982526-WAA--2013,982526-WAA,2013,3,0,-2,0,F
982526-WAA--2014,982526-WAA,2014,4,4,NA,0,F
982526-WAA--2015,982526-WAA,2015,5,2,-4,0,F
982526-WAA--2016,982526-WAA,2016,6,3,-12,0,F
982529-RwnG--2011,982529-RwnG,2011,1,0,17,0,F
982529-RwnG--2012,982529-RwnG,2012,2,1,NA,0,F
982532-ANG--2011,982532-ANG,2011,1,0,NA,0,F
982561-BGN--2011,982561-BGN,2011,1,2,-5,0,F
982561-BGN--2012,982561-BGN,2012,2,2,-16,0,F
982583-GryM--2012,982583-GryM,2012,2,0,24,0,F
982595-OWR--2011,982595-OWR,2011,1,3,28,0,F
982595-OWR--2012,982595-OWR,2012,2,2,2,0,F
982595-OWR--2013,982595-OWR,2013,3,3,1,0,F
982595-OWR--2014,982595-OWR,2014,4,1,NA,0,F
982595-OWR--2015,982595-OWR,2015,5,3,3,0,F
982607-WOB--2011,982607-WOB,2011,1,4,12,0,F
982607-WOB--2012,982607-WOB,2012,2,4,-4,0,F
982607-WOB--2013,982607-WOB,2013,3,1,-9,0,F
982607-WOB--2014,982607-WOB,2014,4,4,-2,0,F
982609-RGY--2011,982609-RGY,2011,1,1,NA,0,F
982609-RGY--2012,982609-RGY,2012,2,2,12,0,F
982612-RarO--2011,982612-RarO,2011,1,0,50,0,F
982612-RarO--2012,982612-RarO,2012,2,2,-13,0,F
982612-RarO--2013,982612-RarO,2013,3,3,0,0,F
982612-RarO--2014,982612-RarO,2014,4,5,-5,0,F
982613-NBG--2011,982613-NBG,2011,1,1,NA,0,F
982616-NBW--2011,982616-NBW,2011,1,4,-2,0,F
982620-MAA--2011,982620-MAA,2011,1,0,21,0,F
982622-BYR--2011,982622-BYR,2011,1,2,6,0,F
982622-BYR--2012,982622-BYR,2012,2,3,10,0,F
982625-OWN--2011,982625-OWN,2011,1,5,1,0,F
982625-OWN--2012,982625-OWN,2012,2,2,NA,0,F
982635-YRG--2011,982635-YRG,2011,1,0,11,0,F
982635-YRG--2012,982635-YRG,2012,2,1,NA,0,F
982637-YMW--2011,982637-YMW,2011,1,3,4,0,F
982638-YAO--2011,982638-YAO,2011,1,2,NA,0,F
982638-YAO--2012,982638-YAO,2012,2,2,NA,0,F
982639-MRM--2011,982639-MRM,2011,1,2,3,0,F
982639-MRM--2012,982639-MRM,2012,2,4,0,0,F
982641-RGG--2011,982641-RGG,2011,1,0,2,0,F
982641-RGG--2012,982641-RGG,2012,2,3,27,0,F
982651-MON--2011,982651-MON,2011,1,3,13,0,F
982657-RRY--2011,982657-RRY,2011,1,0,58,0,F
982657-RRY--2012,982657-RRY,2012,2,2,NA,0,F
982657-RRY--2013,982657-RRY,2013,3,2,NA,0,F
982657-RRY--2014,982657-RRY,2014,4,1,-13,0,F
982658-MNR--2011,982658-MNR,2011,1,2,12,0,F
982660-OAM--2011,982660-OAM,2011,1,0,NA,0,F
982661-RYG--2011,982661-RYG,2011,1,1,-3,0,F
982678-OWG--2011,982678-OWG,2011,1,2,NA,0,F
982678-OWG--2012,982678-OWG,2012,2,1,NA,0,F
982678-OWG--2013,982678-OWG,2013,3,2,2,0,F
982681-nyNA--2012,982681-nyNA,2012,1,0,17,0,F
982681-nyNA--2013,982681-nyNA,2013,2,1,3,0,F
982702-YRR--2012,982702-YRR,2012,2,2,18,0,F
982725-rgNN--2012,982725-rgNN,2012,1,0,NA,0,F
982725-rgNN--2013,982725-rgNN,2013,2,0,8,1,F
982729-WRG--2011,982729-WRG,2011,1,1,NA,0,F
982771-WYG--2011,982771-WYG,2011,1,0,NA,0,F
982771-WYG--2012,982771-WYG,2012,2,0,-15,0,F
982771-WYG--2013,982771-WYG,2013,3,0,-3,0,F
982794-YOR--2011,982794-YOR,2011,1,0,49,1,F
982804-awRM--2012,982804-awRM,2012,1,0,-1,0,F
982804-awRM--2013,982804-awRM,2013,2,1,0,0,F
982804-awRM--2014,982804-awRM,2014,3,3,-21,0,F
982825-TYM--2012,982825-TYM,2012,1,2,NA,0,F
982865-boAR--2013,982865-boAR,2013,2,2,7,0,F
982865-boAR--2014,982865-boAR,2014,3,1,31,0,F
982865-boAR--2015,982865-boAR,2015,4,0,NA,0,F
982865-boAR--2016,982865-boAR,2016,5,8,NA,0,F
982874-TYA--2012,982874-TYA,2012,1,3,49,0,F
982874-TYA--2013,982874-TYA,2013,2,1,3,0,F
982874-TYA--2014,982874-TYA,2014,3,0,NA,0,F
A30003-nyGO--2012,A30003-nyGO,2012,1,2,NA,0,F
A30010-RMG--2012,A30010-RMG,2012,1,0,NA,0,F
A30010-RMG--2013,A30010-RMG,2013,2,0,NA,0,F
A30012-OAA--2013,A30012-OAA,2013,2,3,-5,0,F
A30013-WBB--2012,A30013-WBB,2012,1,0,NA,0,F
A30027-ANR--2012,A30027-ANR,2012,1,0,29,0,F
A30029-WGY--2013,A30029-WGY,2013,2,3,NA,0,F
A30029-WGY--2014,A30029-WGY,2014,3,3,NA,0,F
A30033-WOA--2012,A30033-WOA,2012,1,1,NA,0,F
A30033-WOA--2013,A30033-WOA,2013,2,2,NA,0,F
A30034-NBA--2012,A30034-NBA,2012,1,2,42,0,F
A30034-NBA--2013,A30034-NBA,2013,2,0,13,0,F
A30034-NBA--2014,A30034-NBA,2014,3,1,NA,0,F
A30037-T__--2012,A30037-T__,2012,1,3,NA,0,F
A30037-T__--2013,A30037-T__,2013,2,1,NA,0,F
A30037-T__--2014,A30037-T__,2014,3,4,-13,0,F
A30037-T__--2015,A30037-T__,2015,4,0,-7,0,F
A30037-T__--2015,A30037-T__,2015,4,0,-7,0,F
A30037-T__--2015,A30037-T__,2015,4,0,-7,0,F
A30037-T__--2015,A30037-T__,2015,4,0,-7,0,F
A30038-OMN--2012,A30038-OMN,2012,1,1,17,0,F
A30039-NYB--2012,A30039-NYB,2012,1,3,16,0,F
A30043-NYG--2012,A30043-NYG,2012,1,1,21,0,F
A30044-GRO--2011,A30044-GRO,2011,1,2,NA,0,F
A30044-GRO--2012,A30044-GRO,2012,2,1,-1,0,F
A30046-YMR--2012,A30046-YMR,2012,1,2,24,0,F
A30046-YMR--2013,A30046-YMR,2013,2,1,-7,0,F
A30054-RMR--2012,A30054-RMR,2012,1,1,33,0,F
A30056-MBG--2012,A30056-MBG,2012,1,1,23,0,F
A30064-ONB--2012,A30064-ONB,2012,1,0,NA,0,F
A30114-grYR--2013,A30114-grYR,2013,1,0,NA,0,F
A30114-grYR--2014,A30114-grYR,2014,2,1,9,0,F
A30114-grYR--2015,A30114-grYR,2015,3,0,3,0,F
A30121-grWO--2013,A30121-grWO,2013,1,0,NA,0,F
A30127-ngOW--2013,A30127-ngOW,2013,1,3,7,0,F
A30127-ngOW--2014,A30127-ngOW,2014,2,3,NA,0,F
A30141-grMA--2013,A30141-grMA,2013,1,3,2,0,F
A30146-ngGR--2013,A30146-ngGR,2013,1,0,12,1,F
A30175-NYR--2012,A30175-NYR,2012,1,0,37,0,F
A30179-grNO--2014,A30179-grNO,2014,2,2,63,0,F
A30204-NMO--2012,A30204-NMO,2012,1,0,63,0,F
A30204-NMO--2013,A30204-NMO,2013,2,0,0,0,F
A30215-Maw--2012,A30215-Maw,2012,1,3,NA,0,F
A30215-Maw--2013,A30215-Maw,2013,2,2,-4,0,F
A30215-Maw--2014,A30215-Maw,2014,3,1,0,0,F
A30215-Maw--2015,A30215-Maw,2015,4,0,2,0,F
A30215-Maw--2016,A30215-Maw,2016,5,4,-5,0,F
A30236-grBR--2013,A30236-grBR,2013,1,0,14,0,F
A30291-OOR--2012,A30291-OOR,2012,1,0,NA,0,F
A30292-waBY--2013,A30292-waBY,2013,1,1,NA,0,F
A30292-waBY--2014,A30292-waBY,2014,2,3,NA,0,F
A30297-RNG--2012,A30297-RNG,2012,1,1,NA,0,F
A30299-ynGN--2013,A30299-ynGN,2013,1,0,NA,0,F
A30304-MGM--2012,A30304-MGM,2012,1,0,54,0,F
A30307-NNO--2013,A30307-NNO,2013,1,0,15,0,F
A30316-ORO--2013,A30316-ORO,2013,1,2,33,0,F
A30316-ORO--2014,A30316-ORO,2014,2,3,6,0,F
A30316-ORO--2015,A30316-ORO,2015,3,0,0,0,F
A30329-WYM--2013,A30329-WYM,2013,1,2,15,0,F
A30333-OBY--2013,A30333-OBY,2013,1,0,14,0,F
A30335-ANW--2013,A30335-ANW,2013,1,0,10,0,F
A30358-RYY--2013,A30358-RYY,2013,1,1,2,0,F
A30358-RYY--2014,A30358-RYY,2014,2,3,NA,0,F
A30358-RYY--2015,A30358-RYY,2015,3,2,6,0,F
A30409-BMA--2013,A30409-BMA,2013,1,1,22,0,F
A30409-BMA--2014,A30409-BMA,2014,2,6,13,0,F
A30409-BMA--2015,A30409-BMA,2015,3,0,9,0,F
A30409-BMA--2016,A30409-BMA,2016,4,4,NA,0,F
A30428-GAM--2013,A30428-GAM,2013,1,3,NA,0,F
A30428-GAM--2014,A30428-GAM,2014,2,3,25,0,F
A30461-ArwM--2014,A30461-ArwM,2014,1,3,54,0,F
A30461-ArwM--2015,A30461-ArwM,2015,2,2,NA,0,F
A30461-ArwM--2016,A30461-ArwM,2016,3,3,NA,1,F
A30465-GTY--2014,A30465-GTY,2014,1,0,74,0,F
A30470-MTN--2014,A30470-MTN,2014,1,1,64,0,F
A30470-MTN--2015,A30470-MTN,2015,2,1,NA,0,F
A30475-ATM--2014,A30475-ATM,2014,1,0,27,1,F
A58042-RynY--2014,A58042-RynY,2014,1,0,52,0,F
A58050-OTG--2014,A58050-OTG,2014,1,3,NA,0,F
A58093-AAG--2014,A58093-AAG,2014,1,0,-1,0,F
A58093-AAG--2015,A58093-AAG,2015,2,1,NA,0,F
A58096-MgrY--2014,A58096-MgrY,2014,1,2,NA,1,F
A58097-GBG--2014,A58097-GBG,2014,1,0,NA,0,F
A58097-GBG--2015,A58097-GBG,2015,2,0,13,0,F
A58097-GBG--2016,A58097-GBG,2016,3,4,NA,0,F
A58099-MrwO--2015,A58099-MrwO,2015,2,2,19,0,F
A58099-MrwO--2016,A58099-MrwO,2016,3,4,11,1,F
A58104-AAW--2014,A58104-AAW,2014,1,3,28,0,F
A58104-AAW--2015,A58104-AAW,2015,2,5,3,0,F
A58107-BMO--2014,A58107-BMO,2014,1,0,73,0,F
A58109-ABB--2014,A58109-ABB,2014,1,3,NA,0,F
A58216-AOno--2015,A58216-AOno,2015,1,0,NA,0,F
A58269-NYM--2014,A58269-NYM,2014,1,0,28,0,F
A58269-NYM--2015,A58269-NYM,2015,2,0,NA,1,F
A58275-ABrb--2015,A58275-ABrb,2015,1,1,NA,0,F
A58346-YNM--2014,A58346-YNM,2014,1,1,62,0,F
A58404-BBY--2015,A58404-BBY,2015,1,3,NA,0,F
A58404-BBY--2016,A58404-BBY,2016,2,8,-3,0,F
A58418-MNA--2015,A58418-MNA,2015,1,2,13,0,F
A58418-MNA--2016,A58418-MNA,2016,2,4,NA,0,F
A58421-YRN--2015,A58421-YRN,2015,1,2,1,0,F
A58422-OAN--2015,A58422-OAN,2015,1,0,15,0,F
A58422-OAN--2016,A58422-OAN,2016,2,8,-11,0,F
A58426-RNM--2015,A58426-RNM,2015,1,2,45,0,F
A58430-MBN--2015,A58430-MBN,2015,1,3,NA,0,F
A58434-AAN--2015,A58434-AAN,2015,1,0,NA,0,F
A58434-AAN--2016,A58434-AAN,2016,2,4,-5,0,F
A58443-sBry--2016,A58443-sBry,2016,1,4,24,0,F
A58447-sGyn--2016,A58447-sGyn,2016,1,5,NA,0,F
A58471-sBrb--2015,A58471-sBrb,2015,1,0,9,0,F
A58493-sBow--2015,A58493-sBow,2015,1,1,NA,0,F
A58493-sBow--2016,A58493-sBow,2016,2,11,-9,0,F
A58504-hARba--2016,A58504-hARba,2016,1,6,NA,0,F
A58559-hTyn--2015,A58559-hTyn,2015,1,2,NA,0,F
A58560-hRWrg--2016,A58560-hRWrg,2016,1,3,34,0,F
A58564-hMgw--2016,A58564-hMgw,2016,1,7,12,0,F
A59050-zOgr--2016,A59050-zOgr,2016,1,1,71,0,F